Latitude,Longitude,Altitude (MSL),Satellites,Timestamp,Accel X,Accel Y,Accel Z,Altitude (AGL),Gyro X,Gyro Y,Gyro Z
0,0,0,0,0 : 0 : 0 : 0,2.33,-0.06,-9.1,0,0,0,0
0,0,0,0,0 : 0 : 0 : 20,2.25,-1.92,-9.48,0,0,0,0
0,0,0,0,0 : 0 : 0 : 40,6.02,-4.4,-7.42,0,0,0,0
0,0,0,0,0 : 0 : 0 : 60,7.49,-3.8,-10.89,0,0,0,0
0,0,0,0,0 : 0 : 0 : 80,9.69,-2.33,-13.61,0,0,0,0
0,0,0,0,0 : 0 : 0 : 100,9.17,-1.2,-15.76,0,0,0,0
0,0,0,0,0 : 0 : 0 : 120,4.8,-4.21,-13.78,0,0,0,0
0,0,0,0,0 : 0 : 0 : 140,3.72,-6.12,-11.77,0,0,0,0
0,0,0,0,0 : 0 : 0 : 160,1.76,-7.87,-8.56,0,0,0,0
0,0,0,0,0 : 0 : 0 : 180,3.22,-8.51,-7.49,0,0,0,0
0,0,0,0,0 : 0 : 0 : 200,7.86,-7.53,-5.38,0,0,0,0
0,0,0,0,0 : 0 : 0 : 220,8.09,-6.7,-4.34,0,0,0,0
0,0,0,0,0 : 0 : 0 : 240,5.53,-6.07,-8.17,0,0,0,0
0,0,0,0,0 : 0 : 0 : 260,3.12,-5.09,-11.11,0,0,0,0
0,0,0,0,0 : 0 : 0 : 280,2.33,-6.1,-8.7,0,0,0,0
0,0,0,0,0 : 0 : 0 : 300,4.72,-7.54,-4.99,0,0,0,0
0,0,0,0,0 : 0 : 0 : 320,3.5,-4.42,-7.31,0,0,0,0
0,0,0,0,0 : 0 : 0 : 340,3.85,-5.25,-5.58,0,0,0,0
0,0,0,0,0 : 0 : 0 : 360,3.62,-6.44,-2.51,0,0,0,0
0,0,0,0,0 : 0 : 0 : 380,12.45,-29.85,30.15,0,0,0,0
0,0,0,0,0 : 0 : 0 : 400,3.27,-2.23,-1.04,0,0,0,0
0,0,0,0,0 : 0 : 0 : 420,-0.29,-0.41,0.63,0,0,0,0
0,0,0,0,0 : 0 : 0 : 440,0.07,-0.07,-0.14,0,0,0,0
0,0,0,0,0 : 0 : 0 : 460,0.02,-0.14,-0.15,0,0,0,0
0,0,0,0,0 : 0 : 0 : 480,0.05,-0.09,-0.13,0,0,0,0
0,0,0,0,0 : 0 : 0 : 500,0.02,-0.16,-0.11,0,0,0,0
0,0,0,0,0 : 0 : 0 : 520,-1.77,-0.17,-0.21,0,0,0,0
0,0,0,0,0 : 0 : 0 : 540,0.08,-0.22,-0.16,0,0,0,0
0,0,0,0,0 : 0 : 0 : 560,0.06,-0.18,-0.1,0,0,0,0
0,0,0,0,0 : 0 : 0 : 580,0.04,-0.24,-0.13,0,0,0,0
0,0,0,0,0 : 0 : 0 : 600,0,-0.29,-0.14,0,0,0,0
0,0,0,0,0 : 0 : 0 : 620,0.07,-0.32,-0.11,0,0,0,0
0,0,0,0,0 : 0 : 0 : 640,0.05,-0.42,-0.06,0,0,0,0
0,0,0,0,0 : 0 : 0 : 660,0.06,-0.48,-0.05,0,0,0,0
0,0,0,0,0 : 0 : 0 : 680,0.03,-0.49,-0.04,0,0,0,0
0,0,0,0,0 : 0 : 0 : 700,0.02,-0.54,0.09,0,0,0,0
0,0,0,0,0 : 0 : 0 : 720,-0.04,-0.55,0.11,0,0,0,0
0,0,0,0,0 : 0 : 0 : 740,-0.01,-0.6,0.22,0,0,0,0
0,0,0,0,0 : 0 : 0 : 760,0,-0.58,0.22,0,0,0,0
0,0,0,0,0 : 0 : 0 : 780,0.02,-0.6,0.32,0,0,0,0
0,0,0,0,0 : 0 : 0 : 800,0.04,-0.63,0.35,0,0,0,0
0,0,0,0,0 : 0 : 0 : 820,-2.84,-54.48,-0.06,0,0,0,0
0,0,0,0,0 : 0 : 0 : 840,-97.66,-128.36,50.2,0,0,0,0
0,0,0,0,0 : 0 : 0 : 860,24.4,-34.84,17.28,0,0,0,0
0,0,0,0,0 : 0 : 0 : 880,-2.32,-23.69,9.32,0,0,0,0
0,0,0,0,0 : 0 : 0 : 900,14.74,-24.02,21.24,0,0,0,0
0,0,0,0,0 : 0 : 0 : 920,-3.34,-15.79,10.19,0,0,0,0
0,0,0,0,0 : 0 : 0 : 940,-7.13,-9.38,10.34,0,0,0,0
0,0,0,0,0 : 0 : 0 : 960,-10.12,-8.44,13.62,0,0,0,0
0,0,0,0,0 : 0 : 0 : 980,-7.14,-13.31,15.57,0,0,0,0
0,0,0,0,0 : 0 : 1 : 0,-4.25,-12.94,20.41,0,0,0,0
0,0,0,0,0 : 0 : 1 : 20,-3.73,-13.3,19.58,0,0,0,0
0,0,0,0,0 : 0 : 1 : 40,-2.59,-11.63,15.56,0,0,0,0
0,0,0,0,0 : 0 : 1 : 60,0.63,-12.37,17.49,0,0,0,0
0,0,0,0,0 : 0 : 1 : 80,-1.66,-9.17,16.07,0,0,0,0
0,0,0,0,0 : 0 : 1 : 100,4.87,-4.31,12.1,0,0,0,0
0,0,0,0,0 : 0 : 1 : 120,3.24,-1.49,11.84,0,0,0,0
0,0,0,0,0 : 0 : 1 : 140,-0.21,-0.18,11,0,0,0,0
0,0,0,0,0 : 0 : 1 : 160,2,4.87,13.58,0,0,0,0
0,0,0,0,0 : 0 : 1 : 180,-0.22,3.6,11.27,0,0,0,0
0,0,0,0,0 : 0 : 1 : 200,-4.32,6.1,11.51,0,0,0,0
0,0,0,0,0 : 0 : 1 : 220,-6.67,5.88,9.71,0,0,0,0
0,0,0,0,0 : 0 : 1 : 240,-8.79,5.26,7.72,0,0,0,0
0,0,0,0,0 : 0 : 1 : 260,-6.12,1.76,2.62,0,0,0,0
0,0,0,0,0 : 0 : 1 : 280,-8.11,0.75,-2.63,0,0,0,0
0,0,0,0,0 : 0 : 1 : 300,-6.57,0.62,-3.63,0,0,0,0
0,0,0,0,0 : 0 : 1 : 320,-4.23,-2.19,0.35,0,0,0,0
0,0,0,0,0 : 0 : 1 : 340,-4.5,-2.3,1.43,0,0,0,0
0,0,0,0,0 : 0 : 1 : 360,-8.41,-1.44,3.31,0,0,0,0
0,0,0,0,0 : 0 : 1 : 380,-9.4,-2.86,1.61,0,0,0,0
0,0,0,0,0 : 0 : 1 : 400,-9.3,-4.06,0.74,0,0,0,0
0,0,0,0,0 : 0 : 1 : 420,-10.24,-11.48,-7.69,0,0,0,0
0,0,0,0,0 : 0 : 1 : 440,-10.03,-16.59,-9.53,0,0,0,0
0,0,0,0,0 : 0 : 1 : 460,-11.37,-17.8,-7.62,0,0,0,0
0,0,0,0,0 : 0 : 1 : 480,-8.58,-15.85,-8.97,0,0,0,0
0,0,0,0,0 : 0 : 1 : 500,-4.36,-19.81,-13.22,0,0,0,0
0,0,0,0,0 : 0 : 1 : 520,-8.11,-17.73,-15.56,0,0,0,0
0,0,0,0,0 : 0 : 1 : 540,-6.42,-18.31,-21.08,0,0,0,0
0,0,0,0,0 : 0 : 1 : 560,-3.12,-16.47,-20.47,0,0,0,0
0,0,0,0,0 : 0 : 1 : 580,-5.12,-10.61,-8.3,0,0,0,0
0,0,0,0,0 : 0 : 1 : 600,-3.05,-11,-10.62,0,0,0,0
0,0,0,0,0 : 0 : 1 : 620,-2.18,-8.83,-11.49,0,0,0,0
0,0,0,0,0 : 0 : 1 : 640,-6.6,-7.49,-8.48,0,0,0,0
0,0,0,0,0 : 0 : 1 : 660,-1.59,-5.58,-4.2,0,0,0,0
0,0,0,0,0 : 0 : 1 : 680,-0.04,-1.77,-4.72,0,0,0,0
0,0,0,0,0 : 0 : 1 : 700,-6.29,-1.16,-5.03,0,0,0,0
0,0,0,0,0 : 0 : 1 : 720,-1.43,1.41,-7.14,0,0,0,0
0,0,0,0,0 : 0 : 1 : 740,-4.43,0.49,-6.04,0,0,0,0
0,0,0,0,0 : 0 : 1 : 760,-0.7,-1.9,-2.99,0,0,0,0
0,0,0,0,0 : 0 : 1 : 780,-0.59,-4.61,-3.04,0,0,0,0
0,0,0,0,0 : 0 : 1 : 800,-7.69,-7.34,-10.72,0,0,0,0
0,0,0,0,0 : 0 : 1 : 820,-2.41,-8.15,-10.04,0,0,0,0
0,0,0,0,0 : 0 : 1 : 840,1.16,-10.32,-6.77,0,0,0,0
0,0,0,0,0 : 0 : 1 : 860,-0.22,-9.75,-4.3,0,0,0,0
0,0,0,0,0 : 0 : 1 : 880,-1.18,-3.93,-2.49,0,0,0,0
0,0,0,0,0 : 0 : 1 : 900,-0.61,-5.31,-4.59,0,0,0,0
0,0,0,0,0 : 0 : 1 : 920,-1.13,-5.38,-4.35,0,0,0,0
0,0,0,0,0 : 0 : 1 : 940,-1.52,-7.14,-4.59,0,0,0,0
0,0,0,0,0 : 0 : 1 : 960,0.28,-9.45,-6.81,0,0,0,0
0,0,0,0,0 : 0 : 1 : 980,0.96,-11.77,-10.95,0,0,0,0
0,0,0,0,0 : 0 : 2 : 0,-0.56,-13.98,-12.87,0,0,0,0
0,0,0,0,0 : 0 : 2 : 20,0.42,-15.13,-16.09,0,0,0,0
0,0,0,0,0 : 0 : 2 : 40,-1.47,-7.84,-14.68,0,0,0,0
0,0,0,0,0 : 0 : 2 : 60,-1.83,-5.79,-7.12,0,0,0,0
0,0,0,0,0 : 0 : 2 : 80,-1.18,-5.16,-2.31,0,0,0,0
0,0,0,0,0 : 0 : 2 : 100,-0.76,-1.3,-2.73,0,0,0,0
0,0,0,0,0 : 0 : 2 : 120,-0.69,-0.9,-4.39,0,0,0,0
0,0,0,0,0 : 0 : 2 : 140,-1.41,-0.65,-4.76,0,0,0,0
0,0,0,0,0 : 0 : 2 : 160,-0.19,0.04,-2.85,0,0,0,0
0,0,0,0,0 : 0 : 2 : 180,0.01,0.2,-3.34,0,0,0,0
0,0,0,0,0 : 0 : 2 : 200,-2.31,-4.17,-8.16,0,0,0,0
0,0,0,0,0 : 0 : 2 : 220,-3.15,-6.34,-11.72,0,0,0,0
0,0,0,0,0 : 0 : 2 : 240,-1.66,-8.47,-9.64,0,0,0,0
0,0,0,0,0 : 0 : 2 : 260,0.17,-9.43,-8.01,0,0,0,0
0,0,0,0,0 : 0 : 2 : 280,-0.28,-9.08,-9.43,0,0,0,0
0,0,0,0,0 : 0 : 2 : 300,-1.77,-7.76,-9.07,0,0,0,0
0,0,0,0,0 : 0 : 2 : 320,-0.28,-5.64,-3.81,0,0,0,0
0,0,0,0,0 : 0 : 2 : 340,-2.22,-5.69,-3.41,0,0,0,0
0,0,0,0,0 : 0 : 2 : 360,-0.02,-7.31,-2.46,0,0,0,0
0,0,0,0,0 : 0 : 2 : 380,0.06,-8.17,-3.66,0,0,0,0
0,0,0,0,0 : 0 : 2 : 400,0.17,-9.17,-5.33,0,0,0,0
0,0,0,0,0 : 0 : 2 : 420,0.88,-11.13,-7.79,0,0,0,0
0,0,0,0,0 : 0 : 2 : 440,4.46,-12.58,-10.21,0,0,0,0
0,0,0,0,0 : 0 : 2 : 460,4.24,-11.79,-13.42,0,0,0,0
0,0,0,0,0 : 0 : 2 : 480,1.82,-12.21,-15.97,0,0,0,0
0,0,0,0,0 : 0 : 2 : 500,3.71,-8.77,-13.13,0,0,0,0
0,0,0,0,0 : 0 : 2 : 520,2.21,-5.66,-9.48,0,0,0,0
0,0,0,0,0 : 0 : 2 : 540,0.4,-3.58,-5.05,0,0,0,0
0,0,0,0,0 : 0 : 2 : 560,-0.09,-3.65,-3.05,0,0,0,0
0,0,0,0,0 : 0 : 2 : 580,0.55,-2.43,-4.33,0,0,0,0
0,0,0,0,0 : 0 : 2 : 600,1.34,-1.74,-4.57,0,0,0,0
0,0,0,0,0 : 0 : 2 : 620,3.04,-1.98,-3.35,0,0,0,0
0,0,0,0,0 : 0 : 2 : 640,3.04,-1.62,-1.67,0,0,0,0
0,0,0,0,0 : 0 : 2 : 660,2.2,-4.45,-4.55,0,0,0,0
0,0,0,0,0 : 0 : 2 : 680,2.75,-5,-4.08,0,0,0,0
0,0,0,0,0 : 0 : 2 : 700,2.27,-4.67,-3.35,0,0,0,0
0,0,0,0,0 : 0 : 2 : 720,1.97,-4.92,-6.86,0,0,0,0
0,0,0,0,0 : 0 : 2 : 740,2.96,-5.12,-8.28,0,0,0,0
0,0,0,0,0 : 0 : 2 : 760,2.95,-5.99,-7.72,0,0,0,0
0,0,0,0,0 : 0 : 2 : 780,4.01,-6.27,-6.54,0,0,0,0
0,0,0,0,0 : 0 : 2 : 800,2.89,-6.6,-6.94,0,0,0,0
0,0,0,0,0 : 0 : 2 : 820,0.55,-6.95,-13.68,0,0,0,0
0,0,0,0,0 : 0 : 2 : 840,0.37,-7.52,-12.69,0,0,0,0
0,0,0,0,0 : 0 : 2 : 860,-4.38,-8.79,-15.71,0,0,0,0
0,0,0,0,0 : 0 : 2 : 880,-1.56,-7.42,-13.34,0,0,0,0
0,0,0,0,0 : 0 : 2 : 900,1.22,-8.13,-13.19,0,0,0,0
0,0,0,0,0 : 0 : 2 : 920,-3.85,-9.35,-18.4,0,0,0,0
0,0,0,0,0 : 0 : 2 : 940,-4.19,-9.38,-14.97,0,0,0,0
0,0,0,0,0 : 0 : 2 : 960,-3.33,-9.14,-12.71,0,0,0,0
0,0,0,0,0 : 0 : 2 : 980,-2.57,-3.74,-8.1,0,0,0,0
0,0,0,0,0 : 0 : 3 : 0,-5.16,-5.55,-5.12,0,0,0,0
0,0,0,0,0 : 0 : 3 : 20,-0.93,-5.15,0.84,0,0,0,0
0,0,0,0,0 : 0 : 3 : 40,3.83,-3.82,-0.17,0,0,0,0
0,0,0,0,0 : 0 : 3 : 60,-3.97,-4.85,-6.33,0,0,0,0
0,0,0,0,0 : 0 : 3 : 80,-7.85,-8.89,-2.83,0,0,0,0
0,0,0,0,0 : 0 : 3 : 100,-3.32,-7.27,1.16,0,0,0,0
0,0,0,0,0 : 0 : 3 : 120,-0.03,-7.91,-0.29,0,0,0,0
0,0,0,0,0 : 0 : 3 : 140,-1.84,-9.71,-11.4,0,0,0,0
0,0,0,0,0 : 0 : 3 : 160,0.08,-9.12,-11.76,0,0,0,0
0,0,0,0,0 : 0 : 3 : 180,4.08,-6.45,-9.2,0,0,0,0
0,0,0,0,0 : 0 : 3 : 200,0.75,-8.1,-14.1,0,0,0,0
0,0,0,0,0 : 0 : 3 : 220,0.05,-8.28,-18.48,0,0,0,0
0,0,0,0,0 : 0 : 3 : 240,1.36,-7.65,-14.29,0,0,0,0
0,0,0,0,0 : 0 : 3 : 260,-4.92,-8.92,-14.03,0,0,0,0
0,0,0,0,0 : 0 : 3 : 280,-5,-8.2,-12.3,0,0,0,0
0,0,0,0,0 : 0 : 3 : 300,-9.22,-6,-10.16,0,0,0,0
0,0,0,0,0 : 0 : 3 : 320,-3.71,-2.82,-6.94,0,0,0,0
0,0,0,0,0 : 0 : 3 : 340,-1.53,-4.54,-8.51,0,0,0,0
0,0,0,0,0 : 0 : 3 : 360,-0.07,-4.47,-7.98,0,0,0,0
0,0,0,0,0 : 0 : 3 : 380,-2.27,-4.86,-6.42,0,0,0,0
0,0,0,0,0 : 0 : 3 : 400,-4.19,-4.16,-8.91,0,0,0,0
0,0,0,0,0 : 0 : 3 : 420,-3.24,-5.44,-6.22,0,0,0,0
0,0,0,0,0 : 0 : 3 : 440,-0.44,-7.65,-5.15,0,0,0,0
0,0,0,0,0 : 0 : 3 : 460,-5.29,-8.12,-6.78,0,0,0,0
0,0,0,0,0 : 0 : 3 : 480,-4.66,-10.98,-9.34,0,0,0,0
0,0,0,0,0 : 0 : 3 : 500,-2.15,-11.69,-10.42,0,0,0,0
0,0,0,0,0 : 0 : 3 : 520,-3.6,-11.29,-9.02,0,0,0,0
0,0,0,0,0 : 0 : 3 : 540,-7.62,-4.82,-9.34,0,0,0,0
0,0,0,0,0 : 0 : 3 : 560,-2.15,-6.6,-9.78,0,0,0,0
0,0,0,0,0 : 0 : 3 : 580,-0.19,-5.81,-5.93,0,0,0,0
0,0,0,0,0 : 0 : 3 : 600,-3.13,-4.59,-5.84,0,0,0,0
0,0,0,0,0 : 0 : 3 : 620,-1.01,-3.7,-3.96,0,0,0,0
0,0,0,0,0 : 0 : 3 : 640,1.46,-2.74,-3.24,0,0,0,0
0,0,0,0,0 : 0 : 3 : 660,1.54,-1.9,-6.12,0,0,0,0
0,0,0,0,0 : 0 : 3 : 680,0.06,-1.41,-5.4,0,0,0,0
0,0,0,0,0 : 0 : 3 : 700,-3.08,-0.84,-5.99,0,0,0,0
0,0,0,0,0 : 0 : 3 : 720,-4.74,-0.01,-8.97,0,0,0,0
0,0,0,0,0 : 0 : 3 : 740,-1.64,1.03,-8.54,0,0,0,0
0,0,0,0,0 : 0 : 3 : 760,-0.95,-1.48,-8.35,0,0,0,0
0,0,0,0,0 : 0 : 3 : 780,-0.63,-1.92,-8.51,0,0,0,0
0,0,0,0,0 : 0 : 3 : 800,-1.13,0.14,-6.12,0,0,0,0
0,0,0,0,0 : 0 : 3 : 820,-2.5,0.09,-5.79,0,0,0,0
0,0,0,0,0 : 0 : 3 : 840,-3.5,-0.85,-8.93,0,0,0,0
0,0,0,0,0 : 0 : 3 : 860,-5.2,-1.97,-9.1,0,0,0,0
0,0,0,0,0 : 0 : 3 : 880,-1.77,-3.37,-3.3,0,0,0,0
0,0,0,0,0 : 0 : 3 : 900,-1.71,-6.6,-6.48,0,0,0,0
0,0,0,0,0 : 0 : 3 : 920,-6.7,-7.56,-9.93,0,0,0,0
0,0,0,0,0 : 0 : 3 : 940,-7.09,-14.26,-15.06,0,0,0,0
0,0,0,0,0 : 0 : 3 : 960,-2.44,-16.59,-7.98,0,0,0,0
0,0,0,0,0 : 0 : 3 : 980,-0.7,-7.47,-6.79,0,0,0,0
0,0,0,0,0 : 0 : 4 : 0,-0.54,-10.72,-6.07,0,0,0,0
0,0,0,0,0 : 0 : 4 : 20,-1.62,-9.85,-7.34,0,0,0,0
0,0,0,0,0 : 0 : 4 : 40,-1,-6.26,-9.43,0,0,0,0
0,0,0,0,0 : 0 : 4 : 60,-7.09,1.18,-9.96,0,0,0,0
0,0,0,0,0 : 0 : 4 : 80,-5.18,0.8,-9.22,0,0,0,0
0,0,0,0,0 : 0 : 4 : 100,-3.57,-3.4,-9.76,0,0,0,0
0,0,0,0,0 : 0 : 4 : 120,-3.25,-3.4,-10.49,0,0,0,0
0,0,0,0,0 : 0 : 4 : 140,-2.89,-4.47,-8.05,0,0,0,0
0,0,0,0,0 : 0 : 4 : 160,-2.61,-3.37,-6.97,0,0,0,0
0,0,0,0,0 : 0 : 4 : 180,-1.22,-3.77,-6.42,0,0,0,0
0,0,0,0,0 : 0 : 4 : 200,-0.74,-2.29,-5.64,0,0,0,0
0,0,0,0,0 : 0 : 4 : 220,-1.4,-5.36,-5.91,0,0,0,0
0,0,0,0,0 : 0 : 4 : 240,1.21,-1.34,-7.24,0,0,0,0
0,0,0,0,0 : 0 : 4 : 260,-1.09,-3.15,-8.25,0,0,0,0
0,0,0,0,0 : 0 : 4 : 280,-2.77,-1.12,-7.44,0,0,0,0
0,0,0,0,0 : 0 : 4 : 300,-2.79,0.2,-8.02,0,0,0,0
0,0,0,0,0 : 0 : 4 : 320,0.47,-3.45,-11.03,0,0,0,0
0,0,0,0,0 : 0 : 4 : 340,-0.47,0.37,-8.23,0,0,0,0
0,0,0,0,0 : 0 : 4 : 360,-0.25,-2.68,-8.53,0,0,0,0
0,0,0,0,0 : 0 : 4 : 380,4.05,4.59,-7.9,0,0,0,0
0,0,0,0,0 : 0 : 4 : 400,2.03,1.36,-9.59,0,0,0,0
0,0,0,0,0 : 0 : 4 : 420,5.53,1.79,-4.65,0,0,0,0
0,0,0,0,0 : 0 : 4 : 440,3.73,1.61,-7.52,0,0,0,0
0,0,0,0,0 : 0 : 4 : 460,1.34,1.77,-11.05,0,0,0,0
0,0,0,0,0 : 0 : 4 : 480,-1.42,2.56,-11.85,0,0,0,0
0,0,0,0,0 : 0 : 4 : 500,-6.47,1.33,-15.3,0,0,0,0
0,0,0,0,0 : 0 : 4 : 520,-4.85,1.69,-13.34,0,0,0,0
0,0,0,0,0 : 0 : 4 : 540,3.61,1.23,-2.05,0,0,0,0
0,0,0,0,0 : 0 : 4 : 560,-2.93,-7.97,-7.95,0,0,0,0
0,0,0,0,0 : 0 : 4 : 580,-2.1,-8.05,-13.63,0,0,0,0
0,0,0,0,0 : 0 : 4 : 600,0.8,-1.31,-11.34,0,0,0,0
0,0,0,0,0 : 0 : 4 : 620,-3.78,-7.14,-11.56,0,0,0,0
0,0,0,0,0 : 0 : 4 : 640,-4.03,-8.69,-10.39,0,0,0,0
0,0,0,0,0 : 0 : 4 : 660,-0.27,-1.83,-5.92,0,0,0,0
0,0,0,0,0 : 0 : 4 : 680,2.1,-0.28,-10.98,0,0,0,0
0,0,0,0,0 : 0 : 4 : 700,1.61,0.9,-12.25,0,0,0,0
0,0,0,0,0 : 0 : 4 : 720,-0.42,-3.08,-11.27,0,0,0,0
0,0,0,0,0 : 0 : 4 : 740,-0.09,-2.02,-8.74,0,0,0,0
0,0,0,0,0 : 0 : 4 : 760,-0.18,-0.18,-7.83,0,0,0,0
0,0,0,0,0 : 0 : 4 : 780,-1.73,-1.93,-9.38,0,0,0,0
0,0,0,0,0 : 0 : 4 : 800,-14.29,-5.61,-9.62,0,0,0,0
0,0,0,0,0 : 0 : 4 : 820,0.19,-0.5,-11.08,0,0,0,0
0,0,0,0,0 : 0 : 4 : 840,0.83,-2.39,-8.43,0,0,0,0
0,0,0,0,0 : 0 : 4 : 860,1,-2.25,-7.96,0,0,0,0
0,0,0,0,0 : 0 : 4 : 880,-0.04,-2.83,-10.37,0,0,0,0
0,0,0,0,0 : 0 : 4 : 900,0.03,-1.74,-10.73,0,0,0,0
0,0,0,0,0 : 0 : 4 : 920,0.65,0.19,-7.45,0,0,0,0
0,0,0,0,0 : 0 : 4 : 940,0.55,-4.17,-8.2,0,0,0,0
0,0,0,0,0 : 0 : 4 : 960,3.09,-2.99,-8.65,0,0,0,0
0,0,0,0,0 : 0 : 4 : 980,1.6,-0.57,-10.42,0,0,0,0
0,0,0,0,0 : 0 : 5 : 0,4.04,-0.05,-9.12,0,0,0,0
0,0,0,0,0 : 0 : 5 : 20,6.2,9.35,-8.32,0,0,0,0
0,0,0,0,0 : 0 : 5 : 40,2.39,-1.44,-8.91,0,0,0,0
0,0,0,0,0 : 0 : 5 : 60,-0.48,-6.05,-10.74,0,0,0,0
0,0,0,0,0 : 0 : 5 : 80,-0.24,-2.41,-11.27,0,0,0,0
0,0,0,0,0 : 0 : 5 : 100,-1.98,-2.57,-10.69,0,0,0,0
0,0,0,0,0 : 0 : 5 : 120,-0.07,-3.41,-7.49,0,0,0,0
0,0,0,0,0 : 0 : 5 : 140,-0.49,-4.17,-7.45,0,0,0,0
0,0,0,0,0 : 0 : 5 : 160,0.57,-3.55,-7.52,0,0,0,0
0,0,0,0,0 : 0 : 5 : 180,1.93,-2.06,-8.08,0,0,0,0
0,0,0,0,0 : 0 : 5 : 200,1.49,-3.01,-9.25,0,0,0,0
0,0,0,0,0 : 0 : 5 : 220,0.01,0.01,-8.94,0,0,0,0
0,0,0,0,0 : 0 : 5 : 240,-0.19,-1.96,-8.72,0,0,0,0
0,0,0,0,0 : 0 : 5 : 260,0.68,-1.26,-8.51,0,0,0,0
0,0,0,0,0 : 0 : 5 : 280,0.01,-2.4,-9.28,0,0,0,0
0,0,0,0,0 : 0 : 5 : 300,0.57,-1.51,-8.76,0,0,0,0
0,0,0,0,0 : 0 : 5 : 320,1.31,-3.73,-9.74,0,0,0,0
0,0,0,0,0 : 0 : 5 : 340,0.04,-2.6,-10.41,0,0,0,0
0,0,0,0,0 : 0 : 5 : 360,-0.01,-3.17,-10.34,0,0,0,0
0,0,0,0,0 : 0 : 5 : 380,1.11,-4.12,-10.29,0,0,0,0
0,0,0,0,0 : 0 : 5 : 400,0.15,-3.55,-10.51,0,0,0,0
0,0,0,0,0 : 0 : 5 : 420,0.03,-3.78,-9.87,0,0,0,0
0,0,0,0,0 : 0 : 5 : 440,0.07,-3.52,-10.07,0,0,0,0
0,0,0,0,0 : 0 : 5 : 460,-0.83,-2.89,-8.56,0,0,0,0
0,0,0,0,0 : 0 : 5 : 480,-1.67,-2.84,-8.7,0,0,0,0
0,0,0,0,0 : 0 : 5 : 500,-0.98,-3.12,-9.04,0,0,0,0
0,0,0,0,0 : 0 : 5 : 520,-2.53,-2.13,-8.5,0,0,0,0
0,0,0,0,0 : 0 : 5 : 540,-3.37,-1.77,-7.02,0,0,0,0
0,0,0,0,0 : 0 : 5 : 560,-2.84,-3.29,-5.99,0,0,0,0
0,0,0,0,0 : 0 : 5 : 580,-2.68,-4.38,-7.12,0,0,0,0
0,0,0,0,0 : 0 : 5 : 600,-4.71,-3.94,-7.49,0,0,0,0
0,0,0,0,0 : 0 : 5 : 620,-3.41,-5.6,-7.37,0,0,0,0
0,0,0,0,0 : 0 : 5 : 640,-5.69,-5.85,-6.14,0,0,0,0
0,0,0,0,0 : 0 : 5 : 660,-5.89,-5.19,-6.4,0,0,0,0
0,0,0,0,0 : 0 : 5 : 680,-4.44,-5.11,-6.47,0,0,0,0
0,0,0,0,0 : 0 : 5 : 700,-5.13,-5.55,-5.66,0,0,0,0
0,0,0,0,0 : 0 : 5 : 720,-7.01,-5.9,-5.2,0,0,0,0
0,0,0,0,0 : 0 : 5 : 740,-6.34,-5.17,-5.79,0,0,0,0
0,0,0,0,0 : 0 : 5 : 760,-6.52,-6.38,-5.61,0,0,0,0
0,0,0,0,0 : 0 : 5 : 780,-5.61,-7.57,-4.31,0,0,0,0
0,0,0,0,0 : 0 : 5 : 800,-5.76,-7.67,-4.11,0,0,0,0
0,0,0,0,0 : 0 : 5 : 820,-5.31,-7.11,-4.38,0,0,0,0
0,0,0,0,0 : 0 : 5 : 840,-6.37,-6.35,-4.62,0,0,0,0
0,0,0,0,0 : 0 : 5 : 860,-5.86,-5.65,-5.02,0,0,0,0
0,0,0,0,0 : 0 : 5 : 880,-6.8,-6.14,-5.09,0,0,0,0
0,0,0,0,0 : 0 : 5 : 900,-7.97,-5.89,-4.31,0,0,0,0
0,0,0,0,0 : 0 : 5 : 920,-7.05,-6.12,-3.48,0,0,0,0
0,0,0,0,0 : 0 : 5 : 940,-7.95,-3.04,-3.68,0,0,0,0
0,0,0,0,0 : 0 : 5 : 960,-8.71,-2.32,-4.08,0,0,0,0
0,0,0,0,0 : 0 : 5 : 980,-8.03,-2.39,-4.49,0,0,0,0
0,0,0,0,0 : 0 : 6 : 0,-7.18,-3.04,-4.67,0,0,0,0
0,0,0,0,0 : 0 : 6 : 20,-6.84,-3.29,-4.71,0,0,0,0
0,0,0,0,0 : 0 : 6 : 40,-7.05,-3.36,-5.15,0,0,0,0
0,0,0,0,0 : 0 : 6 : 60,-8.43,-2.97,-5.33,0,0,0,0
0,0,0,0,0 : 0 : 6 : 80,-9.62,-2.81,-4.82,0,0,0,0
0,0,0,0,0 : 0 : 6 : 100,-6.99,-4.7,-3.83,0,0,0,0
0,0,0,0,0 : 0 : 6 : 120,-8.04,-4.22,-4.18,0,0,0,0
0,0,0,0,0 : 0 : 6 : 140,-7.51,-4.3,-4.4,0,0,0,0
0,0,0,0,0 : 0 : 6 : 160,-6.19,-5.14,-4.16,0,0,0,0
0,0,0,0,0 : 0 : 6 : 180,-8.01,-5.08,-4.14,0,0,0,0
0,0,0,0,0 : 0 : 6 : 200,-7.78,-4.59,-4.36,0,0,0,0
0,0,0,0,0 : 0 : 6 : 220,-6.96,-4.69,-4.14,0,0,0,0
0,0,0,0,0 : 0 : 6 : 240,-7.82,-5.38,-3.98,0,0,0,0
0,0,0,0,0 : 0 : 6 : 260,-6.65,-5.32,-3.63,0,0,0,0
0,0,0,0,0 : 0 : 6 : 280,-6.75,-5.3,-3.97,0,0,0,0
0,0,0,0,0 : 0 : 6 : 300,-7.3,-5.02,-4.16,0,0,0,0
0,0,0,0,0 : 0 : 6 : 320,-7.4,-4.86,-3.85,0,0,0,0
0,0,0,0,0 : 0 : 6 : 340,-6.7,-5.32,-3.64,0,0,0,0
0,0,0,0,0 : 0 : 6 : 360,-7.01,-5.24,-4.01,0,0,0,0
0,0,0,0,0 : 0 : 6 : 380,-7.67,-5.01,-4.44,0,0,0,0
0,0,0,0,0 : 0 : 6 : 400,-7.12,-4.97,-4.1,0,0,0,0
0,0,0,0,0 : 0 : 6 : 420,-7.57,-4.57,-4.3,0,0,0,0
0,0,0,0,0 : 0 : 6 : 440,-7.82,-4.37,-4.39,0,0,0,0
0,0,0,0,0 : 0 : 6 : 460,-7.21,-4.77,-4.28,0,0,0,0
0,0,0,0,0 : 0 : 6 : 480,-6.92,-4.85,-4.24,0,0,0,0
0,0,0,0,0 : 0 : 6 : 500,-7.62,-4.71,-4.35,0,0,0,0
0,0,0,0,0 : 0 : 6 : 520,-7.82,-4.72,-4.21,0,0,0,0
0,0,0,0,0 : 0 : 6 : 540,-7.16,-4.85,-4.01,0,0,0,0
0,0,0,0,0 : 0 : 6 : 560,-7.72,-4.95,-3.84,0,0,0,0
0,0,0,0,0 : 0 : 6 : 580,-7.19,-5.15,-3.68,0,0,0,0
0,0,0,0,0 : 0 : 6 : 600,-6.9,-5.21,-3.74,0,0,0,0
0,0,0,0,0 : 0 : 6 : 620,-7.55,-4.91,-3.99,0,0,0,0
0,0,0,0,0 : 0 : 6 : 640,-7.62,-4.72,-3.92,0,0,0,0
0,0,0,0,0 : 0 : 6 : 660,-7.39,-4.9,-3.94,0,0,0,0
0,0,0,0,0 : 0 : 6 : 680,-6.52,-5.15,-3.98,0,0,0,0
0,0,0,0,0 : 0 : 6 : 700,-7.07,-5.08,-3.89,0,0,0,0
0,0,0,0,0 : 0 : 6 : 720,-6.96,-5.37,-3.63,0,0,0,0
0,0,0,0,0 : 0 : 6 : 740,-6.65,-5.58,-3.67,0,0,0,0
0,0,0,0,0 : 0 : 6 : 760,-7.64,-5.42,-3.63,0,0,0,0
0,0,0,0,0 : 0 : 6 : 780,-7.54,-5.02,-3.93,0,0,0,0
0,0,0,0,0 : 0 : 6 : 800,-6.7,-5.06,-4.16,0,0,0,0
0,0,0,0,0 : 0 : 6 : 820,-6.68,-5.31,-4.22,0,0,0,0
0,0,0,0,0 : 0 : 6 : 840,-7.37,-5.3,-4.08,0,0,0,0
0,0,0,0,0 : 0 : 6 : 860,-7.27,-5.02,-3.82,0,0,0,0
0,0,0,0,0 : 0 : 6 : 880,-7.52,-5.3,-3.6,0,0,0,0
0,0,0,0,0 : 0 : 6 : 900,-7.58,-5.13,-3.55,0,0,0,0
0,0,0,0,0 : 0 : 6 : 920,-6.92,-5.2,-3.64,0,0,0,0
0,0,0,0,0 : 0 : 6 : 940,-7.01,-5.27,-3.75,0,0,0,0
0,0,0,0,0 : 0 : 6 : 960,-7.32,-5.4,-3.81,0,0,0,0
0,0,0,0,0 : 0 : 6 : 980,-7.52,-5.11,-4.16,0,0,0,0
0,0,0,0,0 : 0 : 7 : 0,-7.5,-5.03,-3.96,0,0,0,0
0,0,0,0,0 : 0 : 7 : 20,-7.47,-4.75,-3.52,0,0,0,0
0,0,0,0,0 : 0 : 7 : 40,-6.96,-4.73,-3.76,0,0,0,0
0,0,0,0,0 : 0 : 7 : 60,-6.46,-4.92,-3.88,0,0,0,0
0,0,0,0,0 : 0 : 7 : 80,-7.09,-5.33,-3.55,0,0,0,0
0,0,0,0,0 : 0 : 7 : 100,-7.04,-5.16,-3.7,0,0,0,0
0,0,0,0,0 : 0 : 7 : 120,-5.65,-4.28,-3.55,0,0,0,0
0,0,0,0,0 : 0 : 7 : 140,-3.99,-4.62,-3.02,0,0,0,0
0,0,0,0,0 : 0 : 7 : 160,-6.26,-5.02,-3.85,0,0,0,0
0,0,0,0,0 : 0 : 7 : 180,-3.66,-1.12,-0.48,0,0,0,0
0,0,0,0,0 : 0 : 7 : 200,-0.02,-0.19,0.19,0,0,0,0
0,0,0,0,0 : 0 : 7 : 220,0.04,-0.19,0.17,0,0,0,0
0,0,0,0,0 : 0 : 7 : 240,0.03,-0.19,0.2,0,0,0,0
0,0,0,0,0 : 0 : 7 : 260,0.02,-0.12,0.14,0,0,0,0
0,0,0,0,0 : 0 : 7 : 280,-0.02,-0.18,0.08,0,0,0,0
0,0,0,0,0 : 0 : 7 : 300,-0.01,-0.13,0.1,0,0,0,0
0,0,0,0,0 : 0 : 7 : 320,-0.04,-0.14,0.11,0,0,0,0
0,0,0,0,0 : 0 : 7 : 340,-0.06,-0.12,0.04,0,0,0,0
0,0,0,0,0 : 0 : 7 : 360,-0.12,-0.14,0.08,0,0,0,0
0,0,0,0,0 : 0 : 7 : 380,-0.11,-0.19,0.04,0,0,0,0
0,0,0,0,0 : 0 : 7 : 400,-0.22,-0.23,0.06,0,0,0,0
0,0,0,0,0 : 0 : 7 : 420,-0.12,-0.2,0.06,0,0,0,0
0,0,0,0,0 : 0 : 7 : 440,-0.1,-0.25,0.11,0,0,0,0
0,0,0,0,0 : 0 : 7 : 460,-0.24,-0.19,0.07,0,0,0,0
0,0,0,0,0 : 0 : 7 : 480,-0.39,-0.18,0.11,0,0,0,0
0,0,0,0,0 : 0 : 7 : 500,-0.34,-0.16,0.17,0,0,0,0
0,0,0,0,0 : 0 : 7 : 520,-0.41,-0.17,0.25,0,0,0,0
0,0,0,0,0 : 0 : 7 : 540,-0.39,-0.17,0.4,0,0,0,0
0,0,0,0,0 : 0 : 7 : 560,-0.46,-0.13,0.38,0,0,0,0
0,0,0,0,0 : 0 : 7 : 580,-0.45,-0.13,0.53,0,0,0,0
0,0,0,0,0 : 0 : 7 : 600,-0.46,-0.14,0.57,0,0,0,0
0,0,0,0,0 : 0 : 7 : 620,-0.5,0.04,0.39,0,0,0,0
0,0,0,0,0 : 0 : 7 : 640,-0.58,0,0.55,0,0,0,0
0,0,0,0,0 : 0 : 7 : 660,-5.38,9.08,12.12,0,0,0,0
0,0,0,0,0 : 0 : 7 : 680,-10.27,11.06,9.38,0,0,0,0
0,0,0,0,0 : 0 : 7 : 700,-3.14,15.61,14.16,0,0,0,0
0,0,0,0,0 : 0 : 7 : 720,3.28,19.56,13.32,0,0,0,0
0,0,0,0,0 : 0 : 7 : 740,2.63,16.88,14.23,0,0,0,0
0,0,0,0,0 : 0 : 7 : 760,6.39,10.42,13.52,0,0,0,0
0,0,0,0,0 : 0 : 7 : 780,9.6,7.69,12.65,0,0,0,0
0,0,0,0,0 : 0 : 7 : 800,3.07,7.74,11.38,0,0,0,0
0,0,0,0,0 : 0 : 7 : 820,2.35,5.82,10.46,0,0,0,0
0,0,0,0,0 : 0 : 7 : 840,3.07,5.71,9.51,0,0,0,0
0,0,0,0,0 : 0 : 7 : 860,3.27,4.75,8.58,0,0,0,0
0,0,0,0,0 : 0 : 7 : 880,5.81,8.49,4.78,0,0,0,0
0,0,0,0,0 : 0 : 7 : 900,6.38,4.72,4.74,0,0,0,0
0,0,0,0,0 : 0 : 7 : 920,6.67,2.21,3.64,0,0,0,0
0,0,0,0,0 : 0 : 7 : 940,10.89,3.22,0.9,0,0,0,0
0,0,0,0,0 : 0 : 7 : 960,14.26,1.82,0.34,0,0,0,0
0,0,0,0,0 : 0 : 7 : 980,14.67,-0.65,1.18,0,0,0,0
0,0,0,0,0 : 0 : 8 : 0,14.98,1.31,0.32,0,0,0,0
0,0,0,0,0 : 0 : 8 : 20,13.31,4.38,-0.95,0,0,0,0
0,0,0,0,0 : 0 : 8 : 40,11.38,4.89,-0.62,0,0,0,0
0,0,0,0,0 : 0 : 8 : 60,10.17,4.88,-1.84,0,0,0,0
0,0,0,0,0 : 0 : 8 : 80,12.25,8.54,-1.87,0,0,0,0
0,0,0,0,0 : 0 : 8 : 100,14.1,5.38,-2.02,0,0,0,0
0,0,0,0,0 : 0 : 8 : 120,6.46,9.6,-3.61,0,0,0,0
0,0,0,0,0 : 0 : 8 : 140,10.61,6.26,-4.96,0,0,0,0
0,0,0,0,0 : 0 : 8 : 160,10.98,6.09,-5.23,0,0,0,0
0,0,0,0,0 : 0 : 8 : 180,9.6,3.61,-5.1,0,0,0,0
0,0,0,0,0 : 0 : 8 : 200,7.9,3.01,-5.08,0,0,0,0
0,0,0,0,0 : 0 : 8 : 220,6.83,2.65,-5.16,0,0,0,0
0,0,0,0,0 : 0 : 8 : 240,5.34,0.54,-6.64,0,0,0,0
0,0,0,0,0 : 0 : 8 : 260,4.82,3.55,-6.42,0,0,0,0
0,0,0,0,0 : 0 : 8 : 280,2.35,2.78,-5.53,0,0,0,0
0,0,0,0,0 : 0 : 8 : 300,3.48,0.9,-7.69,0,0,0,0
0,0,0,0,0 : 0 : 8 : 320,2.92,0.55,-8.25,0,0,0,0
0,0,0,0,0 : 0 : 8 : 340,2.88,2.84,-8.8,0,0,0,0
0,0,0,0,0 : 0 : 8 : 360,2.02,0.46,-7.73,0,0,0,0
0,0,0,0,0 : 0 : 8 : 380,0.04,-1.98,-10.21,0,0,0,0
0,0,0,0,0 : 0 : 8 : 400,1.4,0.36,-10.93,0,0,0,0
0,0,0,0,0 : 0 : 8 : 420,0.21,-0.36,-12,0,0,0,0
0,0,0,0,0 : 0 : 8 : 440,-0.01,-3.45,-9.43,0,0,0,0
0,0,0,0,0 : 0 : 8 : 460,-1.52,-3.14,-10.27,0,0,0,0
0,0,0,0,0 : 0 : 8 : 480,-2.07,-0.85,-10.11,0,0,0,0
0,0,0,0,0 : 0 : 8 : 500,-2.74,-1.07,-7.98,0,0,0,0
0,0,0,0,0 : 0 : 8 : 520,-2.2,-1.96,-5.94,0,0,0,0
0,0,0,0,0 : 0 : 8 : 540,-3.01,-1.96,-6.93,0,0,0,0
0,0,0,0,0 : 0 : 8 : 560,-3.4,-0.2,-8.46,0,0,0,0
0,0,0,0,0 : 0 : 8 : 580,-2.89,2.99,-9.25,0,0,0,0
0,0,0,0,0 : 0 : 8 : 600,0.75,-0.48,-8.66,0,0,0,0
0,0,0,0,0 : 0 : 8 : 620,-1.97,-1.4,-8.92,0,0,0,0
0,0,0,0,0 : 0 : 8 : 640,-0.49,-2.95,-10.36,0,0,0,0
0,0,0,0,0 : 0 : 8 : 660,-0.61,-2.05,-9.88,0,0,0,0
0,0,0,0,0 : 0 : 8 : 680,0.66,-1.82,-11.13,0,0,0,0
0,0,0,0,0 : 0 : 8 : 700,0.88,-1,-13.51,0,0,0,0
0,0,0,0,0 : 0 : 8 : 720,0.91,-3.16,-14.3,0,0,0,0
0,0,0,0,0 : 0 : 8 : 740,1.67,-3.7,-12.76,0,0,0,0
0,0,0,0,0 : 0 : 8 : 760,1.24,-3.09,-9.78,0,0,0,0
0,0,0,0,0 : 0 : 8 : 780,1.89,-3.63,-10.2,0,0,0,0
0,0,0,0,0 : 0 : 8 : 800,0.7,-3.48,-10.69,0,0,0,0
0,0,0,0,0 : 0 : 8 : 820,0.24,-2.62,-9.4,0,0,0,0
0,0,0,0,0 : 0 : 8 : 840,0.57,-2.36,-7.67,0,0,0,0
0,0,0,0,0 : 0 : 8 : 860,0.62,-1.7,-7.99,0,0,0,0
0,0,0,0,0 : 0 : 8 : 880,0.03,-0.09,-8.29,0,0,0,0
0,0,0,0,0 : 0 : 8 : 900,1,-0.58,-7.59,0,0,0,0
0,0,0,0,0 : 0 : 8 : 920,1.85,-0.96,-9.11,0,0,0,0
0,0,0,0,0 : 0 : 8 : 940,2.64,-1.62,-9.01,0,0,0,0
0,0,0,0,0 : 0 : 8 : 960,2.96,-2.18,-8.95,0,0,0,0
0,0,0,0,0 : 0 : 8 : 980,2.41,-2.87,-9.63,0,0,0,0
0,0,0,0,0 : 0 : 9 : 0,3.19,-3.19,-9.89,0,0,0,0
0,0,0,0,0 : 0 : 9 : 20,3.38,-2.91,-9.83,0,0,0,0
0,0,0,0,0 : 0 : 9 : 40,3.25,-3.09,-10.24,0,0,0,0
0,0,0,0,0 : 0 : 9 : 60,3.68,-4.8,-10.71,0,0,0,0
0,0,0,0,0 : 0 : 9 : 80,2.74,-3.17,-8.05,0,0,0,0
0,0,0,0,0 : 0 : 9 : 100,2.68,-2.54,-7.71,0,0,0,0
0,0,0,0,0 : 0 : 9 : 120,2.73,-2.53,-7.66,0,0,0,0
0,0,0,0,0 : 0 : 9 : 140,2.71,-2.59,-8.17,0,0,0,0
0,0,0,0,0 : 0 : 9 : 160,2.86,-2.56,-8.39,0,0,0,0
0,0,0,0,0 : 0 : 9 : 180,3.16,-2.3,-8.23,0,0,0,0
0,0,0,0,0 : 0 : 9 : 200,3.13,-2.59,-8.12,0,0,0,0
0,0,0,0,0 : 0 : 9 : 220,3.13,-2.86,-8.28,0,0,0,0
0,0,0,0,0 : 0 : 9 : 240,3.04,-3.34,-7.88,0,0,0,0
0,0,0,0,0 : 0 : 9 : 260,3.04,-3.29,-8.26,0,0,0,0
0,0,0,0,0 : 0 : 9 : 280,3.34,-3.43,-7.97,0,0,0,0
0,0,0,0,0 : 0 : 9 : 300,3.35,-3.91,-7.47,0,0,0,0
0,0,0,0,0 : 0 : 9 : 320,3.91,-3.43,-7.89,0,0,0,0
0,0,0,0,0 : 0 : 9 : 340,3.96,-2.79,-7.97,0,0,0,0
0,0,0,0,0 : 0 : 9 : 360,3.59,-2.37,-9.22,0,0,0,0
0,0,0,0,0 : 0 : 9 : 380,5.38,-5.5,-7.05,0,0,0,0
0,0,0,0,0 : 0 : 9 : 400,3.98,-3.63,-6.92,0,0,0,0
0,0,0,0,0 : 0 : 9 : 420,3.29,-2.95,-7.43,0,0,0,0
0,0,0,0,0 : 0 : 9 : 440,3.6,-2.86,-8,0,0,0,0
0,0,0,0,0 : 0 : 9 : 460,4,-2.85,-8.08,0,0,0,0
0,0,0,0,0 : 0 : 9 : 480,4.48,-3.65,-9.02,0,0,0,0
0,0,0,0,0 : 0 : 9 : 500,4.97,-3.23,-9.44,0,0,0,0
0,0,0,0,0 : 0 : 9 : 520,5.38,-3.33,-8.69,0,0,0,0
0,0,0,0,0 : 0 : 9 : 540,4.53,-3.49,-7.82,0,0,0,0
0,0,0,0,0 : 0 : 9 : 560,4.85,-4.81,-7.41,0,0,0,0
0,0,0,0,0 : 0 : 9 : 580,4.52,-4.94,-7.75,0,0,0,0
0,0,0,0,0 : 0 : 9 : 600,3.5,-9.41,-18.15,0,0,0,0
0,0,0,0,0 : 0 : 9 : 620,3.35,-4.62,-5.74,0,0,0,0
0,0,0,0,0 : 0 : 9 : 640,2.07,-6.49,-5.63,0,0,0,0
0,0,0,0,0 : 0 : 9 : 660,1.54,-5.72,-4.12,0,0,0,0
0,0,0,0,0 : 0 : 9 : 680,2.18,-4.92,-4.27,0,0,0,0
0,0,0,0,0 : 0 : 9 : 700,2.68,-7.3,-8.33,0,0,0,0
0,0,0,0,0 : 0 : 9 : 720,3.66,-6,-7.14,0,0,0,0
0,0,0,0,0 : 0 : 9 : 740,4.06,-5.82,-5.13,0,0,0,0
0,0,0,0,0 : 0 : 9 : 760,3.75,-6.72,-5.82,0,0,0,0
0,0,0,0,0 : 0 : 9 : 780,2.58,-6.16,-9.09,0,0,0,0
0,0,0,0,0 : 0 : 9 : 800,4.22,-6.43,-9.09,0,0,0,0
0,0,0,0,0 : 0 : 9 : 820,4.65,-5.64,-8.73,0,0,0,0
0,0,0,0,0 : 0 : 9 : 840,3.56,-5.61,-7.03,0,0,0,0
0,0,0,0,0 : 0 : 9 : 860,3.04,-5.5,1.44,0,0,0,0
0,0,0,0,0 : 0 : 9 : 880,2.57,-5.84,-6.55,0,0,0,0
0,0,0,0,0 : 0 : 9 : 900,3.43,-3.83,-6.4,0,0,0,0
0,0,0,0,0 : 0 : 9 : 920,3.56,-5.06,-7.46,0,0,0,0
0,0,0,0,0 : 0 : 9 : 940,4.04,-6.3,-9.86,0,0,0,0
0,0,0,0,0 : 0 : 9 : 960,3.48,-7.04,-4.89,0,0,0,0
0,0,0,0,0 : 0 : 9 : 980,3.19,-6.3,-5.72,0,0,0,0
0,0,0,0,0 : 0 : 10 : 0,4.06,-5.38,-7.65,0,0,0,0
0,0,0,0,0 : 0 : 10 : 20,-0.42,-2.84,-10.56,0,0,0,0
0,0,0,0,0 : 0 : 10 : 40,-0.48,-2.48,-9.18,0,0,0,0
0,0,0,0,0 : 0 : 10 : 60,0.49,-2.4,-8.08,0,0,0,0
0,0,0,0,0 : 0 : 10 : 80,0.71,-2.33,-9.39,0,0,0,0
0,0,0,0,0 : 0 : 10 : 100,-0.83,-0.44,-10.14,0,0,0,0
0,0,0,0,0 : 0 : 10 : 120,-0.6,-0.93,-8.99,0,0,0,0
0,0,0,0,0 : 0 : 10 : 140,-0.53,-0.32,-8.64,0,0,0,0
0,0,0,0,0 : 0 : 10 : 160,-1.11,-0.92,-9.02,0,0,0,0
0,0,0,0,0 : 0 : 10 : 180,-1.4,-0.01,-8.4,0,0,0,0
0,0,0,0,0 : 0 : 10 : 200,-1.73,1.29,-8.35,0,0,0,0
0,0,0,0,0 : 0 : 10 : 220,-1.39,1.23,-8.76,0,0,0,0
0,0,0,0,0 : 0 : 10 : 240,-0.78,0.55,-9.27,0,0,0,0
0,0,0,0,0 : 0 : 10 : 260,-0.98,1.13,-9.15,0,0,0,0
0,0,0,0,0 : 0 : 10 : 280,-0.76,0.52,-8.82,0,0,0,0
0,0,0,0,0 : 0 : 10 : 300,-1.34,1.56,-8.52,0,0,0,0
0,0,0,0,0 : 0 : 10 : 320,-0.8,0.52,-9.42,0,0,0,0
0,0,0,0,0 : 0 : 10 : 340,-0.78,-0.29,-9.67,0,0,0,0
0,0,0,0,0 : 0 : 10 : 360,-1.35,-0.85,-9.49,0,0,0,0
0,0,0,0,0 : 0 : 10 : 380,-1.56,0.28,-8.8,0,0,0,0
0,0,0,0,0 : 0 : 10 : 400,-1.18,0.62,-8.26,0,0,0,0
0,0,0,0,0 : 0 : 10 : 420,-1.19,-0.32,-8.67,0,0,0,0
0,0,0,0,0 : 0 : 10 : 440,-1.18,-0.72,-8.83,0,0,0,0
0,0,0,0,0 : 0 : 10 : 460,-1.61,-0.7,-9.37,0,0,0,0
0,0,0,0,0 : 0 : 10 : 480,-0.32,-2.01,-8.2,0,0,0,0
0,0,0,0,0 : 0 : 10 : 500,-0.57,-1.69,-7.39,0,0,0,0
0,0,0,0,0 : 0 : 10 : 520,-0.78,-2.11,-8.36,0,0,0,0
0,0,0,0,0 : 0 : 10 : 540,-0.06,-2.77,-8.25,0,0,0,0
0,0,0,0,0 : 0 : 10 : 560,0.38,-2.61,-8.2,0,0,0,0
0,0,0,0,0 : 0 : 10 : 580,0.24,-2.88,-8.85,0,0,0,0
0,0,0,0,0 : 0 : 10 : 600,0.04,-2.37,-9.91,0,0,0,0
0,0,0,0,0 : 0 : 10 : 620,1.79,-2.66,-8.24,0,0,0,0
0,0,0,0,0 : 0 : 10 : 640,0.86,-2.19,-11.37,0,0,0,0
0,0,0,0,0 : 0 : 10 : 660,1.21,-2.67,-12.59,0,0,0,0
0,0,0,0,0 : 0 : 10 : 680,1.47,-3.93,-12.63,0,0,0,0
0,0,0,0,0 : 0 : 10 : 700,1.01,-3.96,-12.06,0,0,0,0
0,0,0,0,0 : 0 : 10 : 720,0.46,-3.32,-11.62,0,0,0,0
0,0,0,0,0 : 0 : 10 : 740,1,-3.04,-11.13,0,0,0,0
0,0,0,0,0 : 0 : 10 : 760,2.1,-2.84,-9.64,0,0,0,0
0,0,0,0,0 : 0 : 10 : 780,0.79,-2.71,-8.71,0,0,0,0
0,0,0,0,0 : 0 : 10 : 800,0.6,-2.97,-9.78,0,0,0,0
0,0,0,0,0 : 0 : 10 : 820,0.74,-3.67,-9.95,0,0,0,0
0,0,0,0,0 : 0 : 10 : 840,1.34,-4.07,-9.2,0,0,0,0
0,0,0,0,0 : 0 : 10 : 860,0.75,-3.22,-8.67,0,0,0,0
0,0,0,0,0 : 0 : 10 : 880,-0.03,-3.61,-9.38,0,0,0,0
0,0,0,0,0 : 0 : 10 : 900,0.11,-3.45,-8.55,0,0,0,0
0,0,0,0,0 : 0 : 10 : 920,0.15,-2.49,-8.15,0,0,0,0
0,0,0,0,0 : 0 : 10 : 940,-0.22,-4.14,-10.94,0,0,0,0
0,0,0,0,0 : 0 : 10 : 960,0.21,-4.06,-9.73,0,0,0,0
0,0,0,0,0 : 0 : 10 : 980,0.4,-3.48,-8.23,0,0,0,0
0,0,0,0,0 : 0 : 11 : 0,0.29,-3.34,-7.56,0,0,0,0
0,0,0,0,0 : 0 : 11 : 20,-0.22,-3.63,-8.41,0,0,0,0
0,0,0,0,0 : 0 : 11 : 40,-0.18,-3.2,-7.37,0,0,0,0
0,0,0,0,0 : 0 : 11 : 60,0.13,-3.67,-6.51,0,0,0,0
0,0,0,0,0 : 0 : 11 : 80,-0.32,-3.6,-7.55,0,0,0,0
0,0,0,0,0 : 0 : 11 : 100,0.12,-3.07,-7.64,0,0,0,0
0,0,0,0,0 : 0 : 11 : 120,0.34,-5.04,-7.65,0,0,0,0
0,0,0,0,0 : 0 : 11 : 140,0.41,-4.54,-8.42,0,0,0,0
0,0,0,0,0 : 0 : 11 : 160,-0.22,-3.93,-8.13,0,0,0,0
0,0,0,0,0 : 0 : 11 : 180,-0.85,-4.13,-8.13,0,0,0,0
0,0,0,0,0 : 0 : 11 : 200,-0.79,-4.64,-7.99,0,0,0,0
0,0,0,0,0 : 0 : 11 : 220,-0.34,-4.02,-7.05,0,0,0,0
0,0,0,0,0 : 0 : 11 : 240,-0.58,-3.73,-6.79,0,0,0,0
0,0,0,0,0 : 0 : 11 : 260,-0.27,-3.37,-5.58,0,0,0,0
0,0,0,0,0 : 0 : 11 : 280,-0.75,-3.06,-5.33,0,0,0,0
0,0,0,0,0 : 0 : 11 : 300,-0.81,-3.16,-4.95,0,0,0,0
0,0,0,0,0 : 0 : 11 : 320,0.39,-3.85,-4.54,0,0,0,0
0,0,0,0,0 : 0 : 11 : 340,-0.78,-3.97,-5.37,0,0,0,0
0,0,0,0,0 : 0 : 11 : 360,-0.46,-3.92,-4.69,0,0,0,0
0,0,0,0,0 : 0 : 11 : 380,0.49,-4.15,-3.85,0,0,0,0
0,0,0,0,0 : 0 : 11 : 400,0.61,-3.76,-4.36,0,0,0,0
0,0,0,0,0 : 0 : 11 : 420,1.42,-3.64,-4.85,0,0,0,0
0,0,0,0,0 : 0 : 11 : 440,0.77,-1.9,-7.61,0,0,0,0
0,0,0,0,0 : 0 : 11 : 460,-0.27,-3.52,-8.47,0,0,0,0
0,0,0,0,0 : 0 : 11 : 480,-1.01,-3.92,-8.07,0,0,0,0
0,0,0,0,0 : 0 : 11 : 500,-0.85,-4.24,-9.27,0,0,0,0
0,0,0,0,0 : 0 : 11 : 520,-1.67,-4.26,-10.67,0,0,0,0
0,0,0,0,0 : 0 : 11 : 540,-1.9,-4.11,-10.16,0,0,0,0
0,0,0,0,0 : 0 : 11 : 560,-1.76,-4.06,-11.54,0,0,0,0
0,0,0,0,0 : 0 : 11 : 580,-1.44,-4.98,-11.02,0,0,0,0
0,0,0,0,0 : 0 : 11 : 600,-1.56,-5.44,-10.26,0,0,0,0
0,0,0,0,0 : 0 : 11 : 620,-3.65,-4.19,-12.19,0,0,0,0
0,0,0,0,0 : 0 : 11 : 640,-2.84,-7.21,-12.88,0,0,0,0
0,0,0,0,0 : 0 : 11 : 660,-2.43,-4.88,-13.01,0,0,0,0
0,0,0,0,0 : 0 : 11 : 680,-1.69,-4.75,-11.68,0,0,0,0
0,0,0,0,0 : 0 : 11 : 700,-1.62,-5.1,-12.22,0,0,0,0
0,0,0,0,0 : 0 : 11 : 720,-2.1,-5.1,-11.26,0,0,0,0
0,0,0,0,0 : 0 : 11 : 740,-1.63,-4.47,-10.77,0,0,0,0
0,0,0,0,0 : 0 : 11 : 760,-1.66,-4.09,-10.24,0,0,0,0
0,0,0,0,0 : 0 : 11 : 780,-1.14,-4.83,-9.66,0,0,0,0
0,0,0,0,0 : 0 : 11 : 800,-1.62,-3.45,-9.89,0,0,0,0
0,0,0,0,0 : 0 : 11 : 820,-1.51,-3.04,-9.77,0,0,0,0
0,0,0,0,0 : 0 : 11 : 840,-1.95,-3.08,-9.76,0,0,0,0
0,0,0,0,0 : 0 : 11 : 860,-2.79,-2.8,-12.07,0,0,0,0
0,0,0,0,0 : 0 : 11 : 880,0.34,-0.7,-9.78,0,0,0,0
0,0,0,0,0 : 0 : 11 : 900,-1.63,-2.05,-11.01,0,0,0,0
0,0,0,0,0 : 0 : 11 : 920,-0.67,-0.57,-9.24,0,0,0,0
0,0,0,0,0 : 0 : 11 : 940,-1.11,-0.59,-9.66,0,0,0,0
0,0,0,0,0 : 0 : 11 : 960,-1.42,-0.65,-9.98,0,0,0,0
0,0,0,0,0 : 0 : 11 : 980,-1.33,0.57,-9.46,0,0,0,0
0,0,0,0,0 : 0 : 12 : 0,-0.14,-0.65,-9.96,0,0,0,0
0,0,0,0,0 : 0 : 12 : 20,-0.82,-0.09,-9.63,0,0,0,0
0,0,0,0,0 : 0 : 12 : 40,-0.8,-0.11,-9.78,0,0,0,0
0,0,0,0,0 : 0 : 12 : 60,-0.88,-0.09,-9.61,0,0,0,0
0,0,0,0,0 : 0 : 12 : 80,-0.83,-0.05,-9.39,0,0,0,0
0,0,0,0,0 : 0 : 12 : 100,-0.8,-0.08,-9.39,0,0,0,0
0,0,0,0,0 : 0 : 12 : 120,-0.83,-0.04,-9.49,0,0,0,0
0,0,0,0,0 : 0 : 12 : 140,-0.88,-0.02,-9.41,0,0,0,0
0,0,0,0,0 : 0 : 12 : 160,-0.73,-0.05,-9.43,0,0,0,0
0,0,0,0,0 : 0 : 12 : 180,-0.85,-0.09,-9.55,0,0,0,0
0,0,0,0,0 : 0 : 12 : 200,-0.8,-0.04,-9.54,0,0,0,0
0,0,0,0,0 : 0 : 12 : 220,-0.85,-0.01,-9.4,0,0,0,0
0,0,0,0,0 : 0 : 12 : 240,-0.78,-0.06,-9.4,0,0,0,0
0,0,0,0,0 : 0 : 12 : 260,-0.75,-0.03,-9.45,0,0,0,0
0,0,0,0,0 : 0 : 12 : 280,-0.75,-0.04,-9.41,0,0,0,0
0,0,0,0,0 : 0 : 12 : 300,-0.76,-0.04,-9.66,0,0,0,0
0,0,0,0,0 : 0 : 12 : 320,-0.78,-0.05,-9.53,0,0,0,0
0,0,0,0,0 : 0 : 12 : 340,-0.85,-0.02,-9.28,0,0,0,0
0,0,0,0,0 : 0 : 12 : 360,-0.75,-0.03,-9.5,0,0,0,0
0,0,0,0,0 : 0 : 12 : 380,-0.81,-0.04,-9.45,0,0,0,0
0,0,0,0,0 : 0 : 12 : 400,-0.8,-0.04,-9.5,0,0,0,0
0,0,0,0,0 : 0 : 12 : 420,-0.85,-0.08,-9.46,0,0,0,0
0,0,0,0,0 : 0 : 12 : 440,-0.92,-0.02,-9.65,0,0,0,0
0,0,0,0,0 : 0 : 12 : 460,-0.91,-0.03,-9.4,0,0,0,0
0,0,0,0,0 : 0 : 12 : 480,-0.76,-0.06,-9.43,0,0,0,0
0,0,0,0,0 : 0 : 12 : 500,-0.78,-0.08,-9.45,0,0,0,0
0,0,0,0,0 : 0 : 12 : 520,-0.83,-0.06,-9.43,0,0,0,0
0,0,0,0,0 : 0 : 12 : 540,-0.82,-0.04,-9.45,0,0,0,0
0,0,0,0,0 : 0 : 12 : 560,-0.8,-0.06,-9.44,0,0,0,0
0,0,0,0,0 : 0 : 12 : 580,-0.95,-0.03,-10.97,0,0,0,0
0,0,0,0,0 : 0 : 12 : 600,-0.81,-0.04,-9.5,0,0,0,0
0,0,0,0,0 : 0 : 12 : 620,-0.73,-0.08,-9.72,0,0,0,0
0,0,0,0,0 : 0 : 12 : 640,-0.8,-0.06,-9.5,0,0,0,0
0,0,0,0,0 : 0 : 12 : 660,-0.75,-0.07,-9.49,0,0,0,0
0,0,0,0,0 : 0 : 12 : 680,-0.83,-0.06,-9.43,0,0,0,0
0,0,0,0,0 : 0 : 12 : 700,-0.87,1.8,-9.53,0,0,0,0
0,0,0,0,0 : 0 : 12 : 720,-0.88,-0.06,-9.3,0,0,0,0
0,0,0,0,0 : 0 : 12 : 740,-0.75,-0.07,-9.49,0,0,0,0
0,0,0,0,0 : 0 : 12 : 760,-0.83,-0.04,-9.51,0,0,0,0
0,0,0,0,0 : 0 : 12 : 780,-0.84,-0.09,-9.45,0,0,0,0
0,0,0,0,0 : 0 : 12 : 800,-0.8,-0.04,-9.48,0,0,0,0
0,0,0,0,0 : 0 : 12 : 820,-0.88,-0.13,-9.43,0,0,0,0
0,0,0,0,0 : 0 : 12 : 840,-0.83,-0.02,-9.48,0,0,0,0
0,0,0,0,0 : 0 : 12 : 860,-0.8,-0.07,-9.53,0,0,0,0
0,0,0,0,0 : 0 : 12 : 880,-0.9,-0.03,-9.2,0,0,0,0
0,0,0,0,0 : 0 : 12 : 900,-0.9,-0.08,-9.35,0,0,0,0
0,0,0,0,0 : 0 : 12 : 920,-0.9,-0.04,-9.41,0,0,0,0
0,0,0,0,0 : 0 : 12 : 940,-0.83,-0.09,-9.39,0,0,0,0
0,0,0,0,0 : 0 : 12 : 960,-0.9,-0.03,-9.48,0,0,0,0
0,0,0,0,0 : 0 : 12 : 980,-0.78,-0.04,-9.43,0,0,0,0
0,0,0,0,0 : 0 : 13 : 0,-0.91,-0.07,-9.27,0,0,0,0
0,0,0,0,0 : 0 : 13 : 20,-0.84,-0.13,-9.35,0,0,0,0
0,0,0,0,0 : 0 : 13 : 40,-0.89,0,-9.37,0,0,0,0
0,0,0,0,0 : 0 : 13 : 60,-0.92,-0.05,-9.17,0,0,0,0
0,0,0,0,0 : 0 : 13 : 80,-0.88,-0.04,-9.33,0,0,0,0
0,0,0,0,0 : 0 : 13 : 100,-0.84,-0.03,-9.46,0,0,0,0
0,0,0,0,0 : 0 : 13 : 120,-0.78,-0.06,-9.46,0,0,0,0
0,0,0,0,0 : 0 : 13 : 140,-0.7,-0.1,-9.44,0,0,0,0
0,0,0,0,0 : 0 : 13 : 160,-0.78,-0.08,-9.33,0,0,0,0
0,0,0,0,0 : 0 : 13 : 180,-0.79,-0.01,-9.26,0,0,0,0
0,0,0,0,0 : 0 : 13 : 200,-0.84,-0.08,-9.4,0,0,0,0
0,0,0,0,0 : 0 : 13 : 220,-0.9,-0.12,-9.61,0,0,0,0
0,0,0,0,0 : 0 : 13 : 240,-0.87,-0.05,-9.44,0,0,0,0
0,0,0,0,0 : 0 : 13 : 260,-0.86,-0.06,-9.5,0,0,0,0
0,0,0,0,0 : 0 : 13 : 280,-0.9,-0.02,-9.51,0,0,0,0
0,0,0,0,0 : 0 : 13 : 300,-0.83,-0.1,-9.4,0,0,0,0
0,0,0,0,0 : 0 : 13 : 320,-0.76,-0.01,-9.4,0,0,0,0
0,0,0,0,0 : 0 : 13 : 340,-0.87,-0.11,-9.35,0,0,0,0
0,0,0,0,0 : 0 : 13 : 360,-0.8,0.04,-9.24,0,0,0,0
0,0,0,0,0 : 0 : 13 : 380,-0.8,-0.07,-9.33,0,0,0,0
0,0,0,0,0 : 0 : 13 : 400,-0.8,-0.01,-9.51,0,0,0,0
0,0,0,0,0 : 0 : 13 : 420,-0.82,-0.06,-9.34,0,0,0,0
0,0,0,0,0 : 0 : 13 : 440,-0.8,-0.03,-9.57,0,0,0,0
0,0,0,0,0 : 0 : 13 : 460,-0.89,-0.06,-9.29,0,0,0,0
0,0,0,0,0 : 0 : 13 : 480,-0.92,-0.01,-9.34,0,0,0,0
0,0,0,0,0 : 0 : 13 : 500,-0.91,-0.07,-9.3,0,0,0,0
0,0,0,0,0 : 0 : 13 : 520,-0.84,-0.11,-9.33,0,0,0,0
0,0,0,0,0 : 0 : 13 : 540,-0.78,-0.13,-9.4,0,0,0,0
0,0,0,0,0 : 0 : 13 : 560,-0.72,-0.04,-9.37,0,0,0,0
0,0,0,0,0 : 0 : 13 : 580,-0.89,-0.1,-9.34,0,0,0,0
0,0,0,0,0 : 0 : 13 : 600,-0.77,-0.02,-9.38,0,0,0,0
0,0,0,0,0 : 0 : 13 : 620,-0.81,-0.03,-9.46,0,0,0,0
0,0,0,0,0 : 0 : 13 : 640,-0.93,-0.08,-9.62,0,0,0,0
0,0,0,0,0 : 0 : 13 : 660,-0.71,-0.03,-9.54,0,0,0,0
0,0,0,0,0 : 0 : 13 : 680,-0.76,-0.02,-9.42,0,0,0,0
0,0,0,0,0 : 0 : 13 : 700,-0.85,-0.04,-9.53,0,0,0,0
0,0,0,0,0 : 0 : 13 : 720,-0.77,-0.14,-9.68,0,0,0,0
0,0,0,0,0 : 0 : 13 : 740,-0.78,-0.07,-9.44,0,0,0,0
0,0,0,0,0 : 0 : 13 : 760,-0.83,-0.09,-9.42,0,0,0,0
0,0,0,0,0 : 0 : 13 : 780,-0.9,-0.09,-9.58,0,0,0,0
0,0,0,0,0 : 0 : 13 : 800,-0.85,-0.01,-9.4,0,0,0,0
0,0,0,0,0 : 0 : 13 : 820,-0.84,-0.04,-9.47,0,0,0,0
0,0,0,0,0 : 0 : 13 : 840,-0.8,-0.04,-9.43,0,0,0,0
0,0,0,0,0 : 0 : 13 : 860,-0.93,-0.04,-9.36,0,0,0,0
0,0,0,0,0 : 0 : 13 : 880,-0.88,-0.04,-9.47,0,0,0,0
0,0,0,0,0 : 0 : 13 : 900,-0.79,-0.03,-9.55,0,0,0,0
0,0,0,0,0 : 0 : 13 : 920,-0.82,-0.03,-9.57,0,0,0,0
0,0,0,0,0 : 0 : 13 : 940,-0.91,-0.02,-9.49,0,0,0,0
0,0,0,0,0 : 0 : 13 : 960,-0.76,-0.06,-9.53,0,0,0,0
0,0,0,0,0 : 0 : 13 : 980,-0.82,-0.03,-9.5,0,0,0,0
0,0,0,0,0 : 0 : 14 : 0,-0.87,-0.03,-9.17,0,0,0,0
0,0,0,0,0 : 0 : 14 : 20,-0.78,-0.04,-9.4,0,0,0,0
0,0,0,0,0 : 0 : 14 : 40,-0.85,-0.06,-9.25,0,0,0,0
0,0,0,0,0 : 0 : 14 : 60,-0.87,-0.02,-9.5,0,0,0,0
0,0,0,0,0 : 0 : 14 : 80,-0.8,-0.13,-9.5,0,0,0,0
0,0,0,0,0 : 0 : 14 : 100,-0.8,-0.11,-9.53,0,0,0,0
0,0,0,0,0 : 0 : 14 : 120,-0.85,-0.01,-9.48,0,0,0,0
0,0,0,0,0 : 0 : 14 : 140,-0.83,-0.03,-9.5,0,0,0,0
0,0,0,0,0 : 0 : 14 : 160,-0.78,-0.04,-9.45,0,0,0,0
0,0,0,0,0 : 0 : 14 : 180,-0.83,-0.06,-9.43,0,0,0,0
0,0,0,0,0 : 0 : 14 : 200,-0.83,-0.06,-9.2,0,0,0,0
0,0,0,0,0 : 0 : 14 : 220,-0.84,-0.06,-9.43,0,0,0,0
0,0,0,0,0 : 0 : 14 : 240,-0.84,-0.03,-9.44,0,0,0,0
0,0,0,0,0 : 0 : 14 : 260,-0.86,-0.05,-9.4,0,0,0,0
0,0,0,0,0 : 0 : 14 : 280,-0.88,-0.07,-9.49,0,0,0,0
0,0,0,0,0 : 0 : 14 : 300,-0.83,-0.03,-9.48,0,0,0,0
0,0,0,0,0 : 0 : 14 : 320,-0.84,-0.04,-9.45,0,0,0,0
0,0,0,0,0 : 0 : 14 : 340,-0.93,-0.01,-7.34,0,0,0,0
0,0,0,0,0 : 0 : 14 : 360,-0.66,0.03,-8.19,0,0,0,0
0,0,0,0,0 : 0 : 14 : 380,-1.04,-0.27,-11.19,0,0,0,0
0,0,0,0,0 : 0 : 14 : 400,-0.51,0.26,-7.28,0,0,0,0
0,0,0,0,0 : 0 : 14 : 420,-1.05,-0.02,-10.58,0,0,0,0
0,0,0,0,0 : 0 : 14 : 440,-0.75,-0.02,-8.71,0,0,0,0
0,0,0,0,0 : 0 : 14 : 460,-0.86,-0.05,-9.52,0,0,0,0
0,0,0,0,0 : 0 : 14 : 480,-0.88,-0.03,-9.45,0,0,0,0
0,0,0,0,0 : 0 : 14 : 500,-0.79,-0.06,-9.41,0,0,0,0
0,0,0,0,0 : 0 : 14 : 520,-0.89,-0.02,-9.51,0,0,0,0
0,0,0,0,0 : 0 : 14 : 540,-0.84,-0.1,-9.48,0,0,0,0
0,0,0,0,0 : 0 : 14 : 560,-0.78,-0.1,-9.54,0,0,0,0
0,0,0,0,0 : 0 : 14 : 580,-0.86,-0.05,-9.45,0,0,0,0
0,0,0,0,0 : 0 : 14 : 600,-0.74,-0.03,-9.53,0,0,0,0
0,0,0,0,0 : 0 : 14 : 620,-0.83,-0.04,-9.5,0,0,0,0
0,0,0,0,0 : 0 : 14 : 640,-0.88,-0.04,-9.41,0,0,0,0
0,0,0,0,0 : 0 : 14 : 660,-0.8,-0.1,-9.43,0,0,0,0
0,0,0,0,0 : 0 : 14 : 680,-0.84,1.8,-9.48,0,0,0,0
0,0,0,0,0 : 0 : 14 : 700,-0.8,-0.08,-9.12,0,0,0,0
0,0,0,0,0 : 0 : 14 : 720,-0.83,-0.02,-9.55,0,0,0,0
0,0,0,0,0 : 0 : 14 : 740,-0.85,-0.09,-9.38,0,0,0,0
0,0,0,0,0 : 0 : 14 : 760,-0.84,-0.04,-9.48,0,0,0,0
0,0,0,0,0 : 0 : 14 : 780,-0.91,-0.04,-9.46,0,0,0,0
0,0,0,0,0 : 0 : 14 : 800,-0.88,-0.08,-9.51,0,0,0,0
0,0,0,0,0 : 0 : 14 : 820,-0.77,-0.03,-9.41,0,0,0,0
0,0,0,0,0 : 0 : 14 : 840,-0.85,-0.06,-9.47,0,0,0,0
0,0,0,0,0 : 0 : 14 : 860,-0.84,-0.03,-9.52,0,0,0,0
0,0,0,0,0 : 0 : 14 : 880,-0.83,-0.01,-9.43,0,0,0,0
0,0,0,0,0 : 0 : 14 : 900,-0.85,-0.04,-9.4,0,0,0,0
0,0,0,0,0 : 0 : 14 : 920,-0.85,-0.06,-9.43,0,0,0,0
0,0,0,0,0 : 0 : 14 : 940,-0.83,-0.08,-9.5,0,0,0,0
0,0,0,0,0 : 0 : 14 : 960,-0.87,-0.12,-9.46,0,0,0,0
0,0,0,0,0 : 0 : 14 : 980,-0.8,-0.09,-9.53,0,0,0,0
0,0,0,0,0 : 0 : 15 : 0,-0.8,-0.04,-9.43,0,0,0,0
0,0,0,0,0 : 0 : 15 : 20,-1.03,-0.59,-12.83,0,0,0,0
0,0,0,0,0 : 0 : 15 : 40,-1.21,0.31,-9.15,0,0,0,0
0,0,0,0,0 : 0 : 15 : 60,-0.83,-0.7,-14.64,0,0,0,0
0,0,0,0,0 : 0 : 15 : 80,-0.96,-0.07,-9,0,0,0,0
0,0,0,0,0 : 0 : 15 : 100,-0.9,-0.1,-9.81,0,0,0,0
0,0,0,0,0 : 0 : 15 : 120,-0.79,-0.03,-9.47,0,0,0,0
0,0,0,0,0 : 0 : 15 : 140,-0.83,-0.05,-9.45,0,0,0,0
0,0,0,0,0 : 0 : 15 : 160,-0.81,-0.04,-9.53,0,0,0,0
0,0,0,0,0 : 0 : 15 : 180,-0.85,-0.05,-9.4,0,0,0,0
0,0,0,0,0 : 0 : 15 : 200,-0.88,-0.05,-9.5,0,0,0,0
0,0,0,0,0 : 0 : 15 : 220,0.12,0.51,-9.6,0,0,0,0
0,0,0,0,0 : 0 : 15 : 240,-0.04,-1.9,-9.53,0,0,0,0
0,0,0,0,0 : 0 : 15 : 260,-5.61,-0.09,-12.56,0,0,0,0
0,0,0,0,0 : 0 : 15 : 280,-5.38,-1.4,-16.25,0,0,0,0
0,0,0,0,0 : 0 : 15 : 300,-3.29,-4.25,-11.08,0,0,0,0
0,0,0,0,0 : 0 : 15 : 320,-1.99,-1.02,-14.72,0,0,0,0
0,0,0,0,0 : 0 : 15 : 340,-4.75,-3.5,-14.13,0,0,0,0
0,0,0,0,0 : 0 : 15 : 360,-3.5,-3.78,-12.22,0,0,0,0
0,0,0,0,0 : 0 : 15 : 380,-3.15,-3.79,-11.84,0,0,0,0
0,0,0,0,0 : 0 : 15 : 400,-1.79,-3.11,-9.79,0,0,0,0
0,0,0,0,0 : 0 : 15 : 420,-2.86,-2.81,-10.55,0,0,0,0
0,0,0,0,0 : 0 : 15 : 440,-0.33,-4.8,-9.63,0,0,0,0
0,0,0,0,0 : 0 : 15 : 460,-0.75,-7.4,-9.01,0,0,0,0
0,0,0,0,0 : 0 : 15 : 480,-1.74,-6.49,-10.95,0,0,0,0
0,0,0,0,0 : 0 : 15 : 500,-2.04,-2.98,-10.61,0,0,0,0
0,0,0,0,0 : 0 : 15 : 520,-1.97,-4.24,-9.69,0,0,0,0
0,0,0,0,0 : 0 : 15 : 540,-0.7,-4.13,-9.02,0,0,0,0
0,0,0,0,0 : 0 : 15 : 560,-0.63,-2.09,-8.57,0,0,0,0
0,0,0,0,0 : 0 : 15 : 580,-0.69,-2.41,-7.56,0,0,0,0
0,0,0,0,0 : 0 : 15 : 600,-1.21,-0.14,-5.9,0,0,0,0
0,0,0,0,0 : 0 : 15 : 620,0.72,1.15,-4.62,0,0,0,0
0,0,0,0,0 : 0 : 15 : 640,0.9,1.78,-4.19,0,0,0,0
0,0,0,0,0 : 0 : 15 : 660,0.63,1.21,-4.47,0,0,0,0
0,0,0,0,0 : 0 : 15 : 680,0.28,2.71,-5.21,0,0,0,0
0,0,0,0,0 : 0 : 15 : 700,-0.19,2.02,-5.8,0,0,0,0
0,0,0,0,0 : 0 : 15 : 720,-0.73,2.07,-6.33,0,0,0,0
0,0,0,0,0 : 0 : 15 : 740,-0.52,3.9,-5.76,0,0,0,0
0,0,0,0,0 : 0 : 15 : 760,-1.04,3.27,-6.89,0,0,0,0
0,0,0,0,0 : 0 : 15 : 780,-1.15,2.68,-8.17,0,0,0,0
0,0,0,0,0 : 0 : 15 : 800,-1.13,1.44,-7.72,0,0,0,0
0,0,0,0,0 : 0 : 15 : 820,-1.71,1.89,-8.23,0,0,0,0
0,0,0,0,0 : 0 : 15 : 840,-1.39,1.5,-10.79,0,0,0,0
0,0,0,0,0 : 0 : 15 : 860,-1.13,1.95,-9.45,0,0,0,0
0,0,0,0,0 : 0 : 15 : 880,-0.52,2.73,-8.33,0,0,0,0
0,0,0,0,0 : 0 : 15 : 900,-0.15,3,-8.42,0,0,0,0
0,0,0,0,0 : 0 : 15 : 920,0.04,4.05,-8.12,0,0,0,0
0,0,0,0,0 : 0 : 15 : 940,-0.09,2.89,-9.59,0,0,0,0
0,0,0,0,0 : 0 : 15 : 960,-0.1,1.84,-10.09,0,0,0,0
0,0,0,0,0 : 0 : 15 : 980,0.34,2.94,-8.41,0,0,0,0
0,0,0,0,0 : 0 : 16 : 0,0.14,1.64,-9.86,0,0,0,0
0,0,0,0,0 : 0 : 16 : 20,0.01,2.65,-9,0,0,0,0
0,0,0,0,0 : 0 : 16 : 40,0.02,4.15,-7.36,0,0,0,0
0,0,0,0,0 : 0 : 16 : 60,0.29,2.23,-9.07,0,0,0,0
0,0,0,0,0 : 0 : 16 : 80,0.27,0.44,-9.77,0,0,0,0
0,0,0,0,0 : 0 : 16 : 100,-1.2,0.14,-10.27,0,0,0,0
0,0,0,0,0 : 0 : 16 : 120,0.34,0.62,-9.72,0,0,0,0
0,0,0,0,0 : 0 : 16 : 140,1.04,2.19,-9.79,0,0,0,0
0,0,0,0,0 : 0 : 16 : 160,-0.22,-0.11,-10.79,0,0,0,0
0,0,0,0,0 : 0 : 16 : 180,0.8,2.66,-12.68,0,0,0,0
0,0,0,0,0 : 0 : 16 : 200,0.91,-0.26,-9.9,0,0,0,0
0,0,0,0,0 : 0 : 16 : 220,1.01,-0.9,-9.11,0,0,0,0
0,0,0,0,0 : 0 : 16 : 240,0.45,-0.78,-10.23,0,0,0,0
0,0,0,0,0 : 0 : 16 : 260,0.74,-0.65,-9.2,0,0,0,0
0,0,0,0,0 : 0 : 16 : 280,0.78,0.9,-8.61,0,0,0,0
0,0,0,0,0 : 0 : 16 : 300,0.33,-0.29,-8.8,0,0,0,0
0,0,0,0,0 : 0 : 16 : 320,-0.54,-0.68,-9.39,0,0,0,0
0,0,0,0,0 : 0 : 16 : 340,0.07,-0.37,-10.68,0,0,0,0
0,0,0,0,0 : 0 : 16 : 360,-1.89,-0.69,-9.07,0,0,0,0
0,0,0,0,0 : 0 : 16 : 380,-1.84,-1.61,-8.55,0,0,0,0
0,0,0,0,0 : 0 : 16 : 400,-1.57,-2.03,-9.8,0,0,0,0
0,0,0,0,0 : 0 : 16 : 420,-1.08,-0.62,-10.07,0,0,0,0
0,0,0,0,0 : 0 : 16 : 440,-0.62,-1.44,-10.2,0,0,0,0
0,0,0,0,0 : 0 : 16 : 460,-0.69,-0.9,-9.24,0,0,0,0
0,0,0,0,0 : 0 : 16 : 480,-1.09,-1.35,-9.27,0,0,0,0
0,0,0,0,0 : 0 : 16 : 500,-1,-1.75,-9.21,0,0,0,0
0,0,0,0,0 : 0 : 16 : 520,-1,-2.05,-9.63,0,0,0,0
0,0,0,0,0 : 0 : 16 : 540,-0.9,-1.39,-9.53,0,0,0,0
0,0,0,0,0 : 0 : 16 : 560,-0.9,-1.21,-9.48,0,0,0,0
0,0,0,0,0 : 0 : 16 : 580,-0.75,-0.95,-9.95,0,0,0,0
0,0,0,0,0 : 0 : 16 : 600,-0.37,-1.76,-9.62,0,0,0,0
0,0,0,0,0 : 0 : 16 : 620,-0.45,0.05,-9.62,0,0,0,0
0,0,0,0,0 : 0 : 16 : 640,0.08,-2.08,-9.66,0,0,0,0
0,0,0,0,0 : 0 : 16 : 660,-0.24,-2.22,-9.12,0,0,0,0
0,0,0,0,0 : 0 : 16 : 680,0.11,-0.28,-8.42,0,0,0,0
0,0,0,0,0 : 0 : 16 : 700,0.22,-1.09,-10.28,0,0,0,0
0,0,0,0,0 : 0 : 16 : 720,0.27,-1.51,-9.65,0,0,0,0
0,0,0,0,0 : 0 : 16 : 740,-0.06,-1.35,-9.71,0,0,0,0
0,0,0,0,0 : 0 : 16 : 760,0.01,-0.56,-9.55,0,0,0,0
0,0,0,0,0 : 0 : 16 : 780,-0.34,-2.02,-9.12,0,0,0,0
0,0,0,0,0 : 0 : 16 : 800,-0.1,-1.53,-11.05,0,0,0,0
0,0,0,0,0 : 0 : 16 : 820,0.08,-1.37,-9.33,0,0,0,0
0,0,0,0,0 : 0 : 16 : 840,0.08,-0.9,-7.38,0,0,0,0
0,0,0,0,0 : 0 : 16 : 860,0.17,-1.88,-9.66,0,0,0,0
0,0,0,0,0 : 0 : 16 : 880,0.28,-1.33,-9.2,0,0,0,0
0,0,0,0,0 : 0 : 16 : 900,0.22,-0.57,-9.4,0,0,0,0
0,0,0,0,0 : 0 : 16 : 920,0.05,-0.9,-9.18,0,0,0,0
0,0,0,0,0 : 0 : 16 : 940,0.02,-1.54,-9.55,0,0,0,0
0,0,0,0,0 : 0 : 16 : 960,0.01,-1.01,-9.27,0,0,0,0
0,0,0,0,0 : 0 : 16 : 980,0.01,-1.08,-9.63,0,0,0,0
0,0,0,0,0 : 0 : 17 : 0,0.03,-1.18,-9.83,0,0,0,0
0,0,0,0,0 : 0 : 17 : 20,-0.03,-0.74,-9.62,0,0,0,0
0,0,0,0,0 : 0 : 17 : 40,-0.04,-0.27,-9.91,0,0,0,0
0,0,0,0,0 : 0 : 17 : 60,-0.47,-0.91,-9.27,0,0,0,0
0,0,0,0,0 : 0 : 17 : 80,-0.9,-2.23,-10.55,0,0,0,0
0,0,0,0,0 : 0 : 17 : 100,-0.22,-1.46,-10.27,0,0,0,0
0,0,0,0,0 : 0 : 17 : 120,0.25,-2.53,-9.71,0,0,0,0
0,0,0,0,0 : 0 : 17 : 140,-1.03,-0.47,-10.49,0,0,0,0
0,0,0,0,0 : 0 : 17 : 160,-0.68,-1.08,-9.86,0,0,0,0
0,0,0,0,0 : 0 : 17 : 180,0,-1.62,-8.81,0,0,0,0
0,0,0,0,0 : 0 : 17 : 200,-0.66,1.26,-10.09,0,0,0,0
0,0,0,0,0 : 0 : 17 : 220,-0.54,-0.11,-10.21,0,0,0,0
0,0,0,0,0 : 0 : 17 : 240,-0.67,-0.88,-8.92,0,0,0,0
0,0,0,0,0 : 0 : 17 : 260,-1.35,-1,-10.03,0,0,0,0
0,0,0,0,0 : 0 : 17 : 280,-0.04,-0.48,-9.14,0,0,0,0
0,0,0,0,0 : 0 : 17 : 300,0.01,-0.08,-8.96,0,0,0,0
0,0,0,0,0 : 0 : 17 : 320,0.33,-0.69,-9.38,0,0,0,0
0,0,0,0,0 : 0 : 17 : 340,-0.13,-1.72,-9.15,0,0,0,0
0,0,0,0,0 : 0 : 17 : 360,-0.29,-1.01,-9.22,0,0,0,0
0,0,0,0,0 : 0 : 17 : 380,-1.86,0.11,-10.14,0,0,0,0
0,0,0,0,0 : 0 : 17 : 400,-1.39,0.16,-10.06,0,0,0,0
0,0,0,0,0 : 0 : 17 : 420,-0.8,0.26,-9.78,0,0,0,0
0,0,0,0,0 : 0 : 17 : 440,-0.39,-0.25,-10.4,0,0,0,0
0,0,0,0,0 : 0 : 17 : 460,-0.78,-0.85,-12.11,0,0,0,0
0,0,0,0,0 : 0 : 17 : 480,-1.53,-0.02,-12.61,0,0,0,0
0,0,0,0,0 : 0 : 17 : 500,-2.56,0.23,-9.95,0,0,0,0
0,0,0,0,0 : 0 : 17 : 520,-3.22,-0.47,-7.85,0,0,0,0
0,0,0,0,0 : 0 : 17 : 540,-0.67,1.16,-5.83,0,0,0,0
0,0,0,0,0 : 0 : 17 : 560,-0.04,1.93,-5.21,0,0,0,0
0,0,0,0,0 : 0 : 17 : 580,0.12,2.3,-4.27,0,0,0,0
0,0,0,0,0 : 0 : 17 : 600,-0.22,0.6,-18.98,0,0,0,0
0,0,0,0,0 : 0 : 17 : 620,-0.36,0.23,-11.26,0,0,0,0
0,0,0,0,0 : 0 : 17 : 640,0.01,0.65,-9.19,0,0,0,0
0,0,0,0,0 : 0 : 17 : 660,-1.08,0.52,-9.3,0,0,0,0
0,0,0,0,0 : 0 : 17 : 680,-2.45,0.24,-10.72,0,0,0,0
0,0,0,0,0 : 0 : 17 : 700,-1.84,0.83,-9.01,0,0,0,0
0,0,0,0,0 : 0 : 17 : 720,-1.23,0.26,-9.68,0,0,0,0
0,0,0,0,0 : 0 : 17 : 740,-0.93,0.46,-9.02,0,0,0,0
0,0,0,0,0 : 0 : 17 : 760,-1.43,0.92,-9.02,0,0,0,0
0,0,0,0,0 : 0 : 17 : 780,-1.18,-0.11,-9.58,0,0,0,0
0,0,0,0,0 : 0 : 17 : 800,-1.49,0.97,-9.63,0,0,0,0
0,0,0,0,0 : 0 : 17 : 820,-1.84,1.11,-9.54,0,0,0,0
0,0,0,0,0 : 0 : 17 : 840,-2.01,1.34,-9.42,0,0,0,0
0,0,0,0,0 : 0 : 17 : 860,-1.34,0.45,-9.83,0,0,0,0
0,0,0,0,0 : 0 : 17 : 880,-1.63,0.14,-9.02,0,0,0,0
0,0,0,0,0 : 0 : 17 : 900,-1.41,-0.54,-9.33,0,0,0,0
0,0,0,0,0 : 0 : 17 : 920,-0.86,-0.22,-8.69,0,0,0,0
0,0,0,0,0 : 0 : 17 : 940,-0.86,-0.03,-9.93,0,0,0,0
0,0,0,0,0 : 0 : 17 : 960,-1.32,1.31,-11.16,0,0,0,0
0,0,0,0,0 : 0 : 17 : 980,-0.58,0.29,-11.4,0,0,0,0
0,0,0,0,0 : 0 : 18 : 0,-1.03,0.6,-9.55,0,0,0,0
0,0,0,0,0 : 0 : 18 : 20,-0.84,0.69,-9.73,0,0,0,0
0,0,0,0,0 : 0 : 18 : 40,-0.66,1.21,-9.55,0,0,0,0
0,0,0,0,0 : 0 : 18 : 60,-0.88,1.06,-9.39,0,0,0,0
0,0,0,0,0 : 0 : 18 : 80,-0.75,-0.11,-9.55,0,0,0,0
0,0,0,0,0 : 0 : 18 : 100,-0.92,-0.15,-9.62,0,0,0,0
0,0,0,0,0 : 0 : 18 : 120,-0.83,0.04,-9.33,0,0,0,0
0,0,0,0,0 : 0 : 18 : 140,-0.9,-0.05,-9.48,0,0,0,0
0,0,0,0,0 : 0 : 18 : 160,-0.89,0.21,-9.4,0,0,0,0
0,0,0,0,0 : 0 : 18 : 180,-1.04,0.47,-9.42,0,0,0,0
0,0,0,0,0 : 0 : 18 : 200,-0.73,-0.11,-9.5,0,0,0,0
0,0,0,0,0 : 0 : 18 : 220,-0.86,-0.06,-9.16,0,0,0,0
0,0,0,0,0 : 0 : 18 : 240,-0.85,1.82,-9.32,0,0,0,0
0,0,0,0,0 : 0 : 18 : 260,-0.83,0.07,-9.46,0,0,0,0
0,0,0,0,0 : 0 : 18 : 280,-0.93,0.17,-9.47,0,0,0,0
0,0,0,0,0 : 0 : 18 : 300,-0.95,1.83,-9.68,0,0,0,0
0,0,0,0,0 : 0 : 18 : 320,-0.54,-0.88,-9.5,0,0,0,0
0,0,0,0,0 : 0 : 18 : 340,-0.76,-0.43,-9.22,0,0,0,0
0,0,0,0,0 : 0 : 18 : 360,-0.66,-0.37,-9.06,0,0,0,0
0,0,0,0,0 : 0 : 18 : 380,-0.74,-0.31,-9.55,0,0,0,0
0,0,0,0,0 : 0 : 18 : 400,-0.8,-0.52,-8.99,0,0,0,0
0,0,0,0,0 : 0 : 18 : 420,-0.84,-0.11,-9.63,0,0,0,0
0,0,0,0,0 : 0 : 18 : 440,-0.94,-0.01,-9.27,0,0,0,0
0,0,0,0,0 : 0 : 18 : 460,-0.55,0.45,-9.11,0,0,0,0
0,0,0,0,0 : 0 : 18 : 480,-0.89,0.1,-9.62,0,0,0,0
0,0,0,0,0 : 0 : 18 : 500,-0.62,0.2,-9.19,0,0,0,0
0,0,0,0,0 : 0 : 18 : 520,-0.32,0.19,-10.12,0,0,0,0
0,0,0,0,0 : 0 : 18 : 540,-0.45,0.66,-8.97,0,0,0,0
0,0,0,0,0 : 0 : 18 : 560,-0.63,0.5,-9.22,0,0,0,0
0,0,0,0,0 : 0 : 18 : 580,-0.75,0.47,-11.37,0,0,0,0
0,0,0,0,0 : 0 : 18 : 600,-0.94,0.58,-8.97,0,0,0,0
0,0,0,0,0 : 0 : 18 : 620,-0.73,0.99,-9.58,0,0,0,0
0,0,0,0,0 : 0 : 18 : 640,-0.84,0.52,-9.35,0,0,0,0
0,0,0,0,0 : 0 : 18 : 660,-0.62,0.54,-9.46,0,0,0,0
0,0,0,0,0 : 0 : 18 : 680,-0.65,0.7,-9.45,0,0,0,0
0,0,0,0,0 : 0 : 18 : 700,-0.65,0.47,-9.44,0,0,0,0
0,0,0,0,0 : 0 : 18 : 720,-0.68,0.73,-9.39,0,0,0,0
0,0,0,0,0 : 0 : 18 : 740,-0.52,0.52,-9.41,0,0,0,0
0,0,0,0,0 : 0 : 18 : 760,-0.56,0.7,-9.54,0,0,0,0
0,0,0,0,0 : 0 : 18 : 780,-0.65,0.62,-9.49,0,0,0,0
0,0,0,0,0 : 0 : 18 : 800,-0.7,0.6,-9.41,0,0,0,0
0,0,0,0,0 : 0 : 18 : 820,-0.67,0.78,-9.5,0,0,0,0
0,0,0,0,0 : 0 : 18 : 840,-0.55,0.91,-9.43,0,0,0,0
0,0,0,0,0 : 0 : 18 : 860,-0.59,0.59,-9.45,0,0,0,0
0,0,0,0,0 : 0 : 18 : 880,-0.64,0.55,-9.43,0,0,0,0
0,0,0,0,0 : 0 : 18 : 900,-0.72,0.5,-9.36,0,0,0,0
0,0,0,0,0 : 0 : 18 : 920,-0.98,-0.29,-9.38,0,0,0,0
0,0,0,0,0 : 0 : 18 : 940,-0.62,0.09,-9.59,0,0,0,0
0,0,0,0,0 : 0 : 18 : 960,-0.4,-0.21,-9.62,0,0,0,0
0,0,0,0,0 : 0 : 18 : 980,-0.41,-0.04,-9.35,0,0,0,0
0,0,0,0,0 : 0 : 19 : 0,-0.27,0.11,-9.52,0,0,0,0
0,0,0,0,0 : 0 : 19 : 20,-0.5,0.71,-9.16,0,0,0,0
0,0,0,0,0 : 0 : 19 : 40,-0.46,0.6,-9.66,0,0,0,0
0,0,0,0,0 : 0 : 19 : 60,-0.14,0.14,-9.43,0,0,0,0
0,0,0,0,0 : 0 : 19 : 80,-0.35,-0.02,-9.45,0,0,0,0
0,0,0,0,0 : 0 : 19 : 100,-0.34,0.17,-9.63,0,0,0,0
0,0,0,0,0 : 0 : 19 : 120,-0.44,0.5,-9.55,0,0,0,0
0,0,0,0,0 : 0 : 19 : 140,-0.42,0.45,-9.63,0,0,0,0
0,0,0,0,0 : 0 : 19 : 160,-0.21,0.78,-9.33,0,0,0,0
0,0,0,0,0 : 0 : 19 : 180,-0.54,0.53,-9.4,0,0,0,0
0,0,0,0,0 : 0 : 19 : 200,-0.14,0.47,-9.12,0,0,0,0
0,0,0,0,0 : 0 : 19 : 220,-0.17,0.27,-9.7,0,0,0,0
0,0,0,0,0 : 0 : 19 : 240,-0.19,0.35,-9.85,0,0,0,0
0,0,0,0,0 : 0 : 19 : 260,0.36,1.03,-9.63,0,0,0,0
0,0,0,0,0 : 0 : 19 : 280,1.13,2.23,-9.36,0,0,0,0
0,0,0,0,0 : 0 : 19 : 300,1.47,1.78,-10.99,0,0,0,0
0,0,0,0,0 : 0 : 19 : 320,1.82,1.11,-11.69,0,0,0,0
0,0,0,0,0 : 0 : 19 : 340,1.83,1.29,-13.37,0,0,0,0
0,0,0,0,0 : 0 : 19 : 360,0.81,1.1,-13.32,0,0,0,0
0,0,0,0,0 : 0 : 19 : 380,-0.27,1.18,-11.39,0,0,0,0
0,0,0,0,0 : 0 : 19 : 400,-1.16,0.33,-6.48,0,0,0,0
0,0,0,0,0 : 0 : 19 : 420,-1.62,1.04,-8.4,0,0,0,0
0,0,0,0,0 : 0 : 19 : 440,-1.74,0.6,-8.63,0,0,0,0
0,0,0,0,0 : 0 : 19 : 460,-1.29,0.22,-7.44,0,0,0,0
0,0,0,0,0 : 0 : 19 : 480,-1.56,0.48,-7.06,0,0,0,0
0,0,0,0,0 : 0 : 19 : 500,-1.11,0.28,-9.56,0,0,0,0
0,0,0,0,0 : 0 : 19 : 520,-1.77,-0.25,-9.68,0,0,0,0
0,0,0,0,0 : 0 : 19 : 540,-2.72,-1.88,-8.82,0,0,0,0
0,0,0,0,0 : 0 : 19 : 560,-3.7,0.84,-8.54,0,0,0,0
0,0,0,0,0 : 0 : 19 : 580,-3.87,3.28,-7.46,0,0,0,0
0,0,0,0,0 : 0 : 19 : 600,-4.19,1.52,-6.73,0,0,0,0
0,0,0,0,0 : 0 : 19 : 620,-2.86,0.04,-7.65,0,0,0,0
0,0,0,0,0 : 0 : 19 : 640,-3.85,-0.42,-9.86,0,0,0,0
0,0,0,0,0 : 0 : 19 : 660,-3.9,-1.33,-7.44,0,0,0,0
0,0,0,0,0 : 0 : 19 : 680,-4.08,-1.33,-5.52,0,0,0,0
0,0,0,0,0 : 0 : 19 : 700,-2.54,-0.76,-8.74,0,0,0,0
0,0,0,0,0 : 0 : 19 : 720,-2.26,0.03,-7.74,0,0,0,0
0,0,0,0,0 : 0 : 19 : 740,-1.66,0.86,-7.42,0,0,0,0
0,0,0,0,0 : 0 : 19 : 760,-1.24,-3.85,-11.6,0,0,0,0
0,0,0,0,0 : 0 : 19 : 780,0,-5.17,-11.32,0,0,0,0
0,0,0,0,0 : 0 : 19 : 800,-0.19,-4.82,-12.13,0,0,0,0
0,0,0,0,0 : 0 : 19 : 820,0.82,-3.17,-11.8,0,0,0,0
0,0,0,0,0 : 0 : 19 : 840,1.51,-2.79,-9.76,0,0,0,0
0,0,0,0,0 : 0 : 19 : 860,2.73,-1,-10.57,0,0,0,0
0,0,0,0,0 : 0 : 19 : 880,3.18,-0.24,-8.89,0,0,0,0
0,0,0,0,0 : 0 : 19 : 900,2.12,-2.59,-8.42,0,0,0,0
0,0,0,0,0 : 0 : 19 : 920,2.04,-1.92,-9.27,0,0,0,0
0,0,0,0,0 : 0 : 19 : 940,1.96,0.78,-8.64,0,0,0,0
0,0,0,0,0 : 0 : 19 : 960,2.81,-1.47,-8.35,0,0,0,0
0,0,0,0,0 : 0 : 19 : 980,2.18,-2.92,-9.38,0,0,0,0
